address_id,city,state,zipcode
1,North Judithbury,California,59464
2,East Jill,Wisconsin,98096
3,New Roberttown,New York,44365
4,East Jessetown,Massachusetts,34549
5,Lake Debra,Kansas,47813
6,Robinsonshire,Michigan,47727
7,Lisatown,Louisiana,73947
8,Lake Roberto,Arkansas,73572
9,Ericmouth,North Carolina,34280
10,North Noahstad,Iowa,45608
11,Cassandraton,Oklahoma,03100
12,Herrerafurt,Tennessee,54471
13,New Kellystad,Missouri,16391
14,Lake Chad,Montana,46519
15,Port Keith,Kansas,89575
16,Port Jesseville,Colorado,79875
17,Ramirezstad,New Jersey,26578
18,West Michael,New Hampshire,76110
19,Jacquelineland,Oregon,75984
20,New Jessica,New Hampshire,85680
21,South Noah,Colorado,85583
22,Lake Mark,New York,71075
23,East Lydiamouth,New Hampshire,23378
24,Adamsborough,Massachusetts,37805
25,Jasonfort,Delaware,47045
26,Wilkersonmouth,New York,43111
27,West Donald,West Virginia,88737
28,Juliechester,Tennessee,67405
29,Coxberg,Alaska,64397
30,Daviston,Connecticut,97038
31,East Courtneychester,Montana,59081
32,South Patrickmouth,Nebraska,10778
33,Tashatown,Arizona,50448
34,Lake Nicoleview,Oklahoma,80935
35,Danielchester,Oklahoma,38056
36,South Aaron,Alabama,61285
37,Teresaburgh,Colorado,83300
38,Port Colleenhaven,Rhode Island,19486
39,East Nathaniel,South Carolina,22465
40,New Stephanie,South Dakota,84463
41,New Mariotown,Maryland,44723
42,West Natashaport,North Carolina,55789
43,North John,Oklahoma,83243
44,North Jessicaland,Indiana,80757
45,East Donna,Tennessee,75426
46,West Allison,Texas,53555
47,Brandtside,New Jersey,09852
48,Lake Larry,Michigan,10870
49,Samuelhaven,Mississippi,21734
50,Martinezbury,Arkansas,45540
51,West Andrewside,Iowa,30413
52,New Jeffrey,New Jersey,41589
53,Lake Crystalbury,Michigan,42034
54,North Micheleland,Oklahoma,86092
55,West Elizabeth,Wyoming,38689
56,New David,South Carolina,93618
57,Sanchezfort,Rhode Island,35559
58,Leeville,New Mexico,79850
59,Gomezchester,Virginia,84995
60,Shieldston,Texas,52334
61,North Richardmouth,Mississippi,36054
62,East Jamesside,Virginia,58814
63,Taylorburgh,New Hampshire,48101
64,Stevenland,Delaware,98529
65,Mortonside,Connecticut,77429
66,North Deniseside,Wisconsin,68781
67,North Sarabury,Texas,59521
68,South Todd,Iowa,54763
69,Port Richard,Alabama,22431
70,East Nicholasfurt,Michigan,24603
71,Saramouth,Minnesota,03528
72,Rodneyside,South Dakota,16890
73,Mooreport,Maine,95891
74,North Beth,Oklahoma,31254
75,Lake Leeton,North Dakota,87273
76,Shawhaven,Mississippi,33484
77,North Susan,Vermont,98002
78,Port Jacobland,Connecticut,92342
79,South David,Arizona,98770
80,New Brooke,Hawaii,10995
81,South Dianeshire,New York,28101
82,Sarahborough,Florida,22378
83,Johnfurt,Virginia,52542
84,Lake Debbie,West Virginia,14002
85,Stewartland,Washington,13025
86,South Christineshire,Nebraska,08862
87,North Amandahaven,Connecticut,62522
88,Davidstad,Kentucky,72385
89,East Mikeburgh,South Carolina,07556
90,Bassport,Illinois,03956
91,Lake Lisaport,Illinois,52538
92,East Josephville,Delaware,69180
93,West Juan,Montana,11412
94,Lake Matthew,Indiana,14123
95,Williamview,New Jersey,34901
96,North Cynthiaview,Illinois,81516
97,North Matthewberg,Virginia,20853
98,Evanmouth,Michigan,11551
99,Hoffmanville,Connecticut,86331
100,Lake Rebeccaside,Wisconsin,51598
101,Port Mikeside,Nebraska,41050
102,South David,Arizona,30563
103,Michaelton,South Dakota,32927
104,Jasonbury,Utah,97178
105,West Kimberlychester,Pennsylvania,37748
106,East Michelle,Delaware,58586
107,South Angel,Wyoming,82615
108,Kimberlychester,New Hampshire,17070
109,West Erik,New Jersey,17707
110,South Monicafort,Texas,69542
111,East Lisa,Pennsylvania,22862
112,Baileybury,North Carolina,04245
113,North Donna,Florida,05108
114,Murphyland,New York,87473
115,Michaelhaven,Alabama,47272
116,Frazierside,North Dakota,43125
117,Sheilaville,West Virginia,62911
118,Gregoryview,Arkansas,61736
119,North Candacestad,Oklahoma,71356
120,Samuelhaven,Nevada,36206
121,South Rachelborough,Pennsylvania,72399
122,Bradleychester,New Mexico,58807
123,New Saraside,North Carolina,18210
124,West Ryan,Wyoming,91939
125,Cindyville,Idaho,71186
126,Williamchester,Vermont,23705
127,Richardport,Pennsylvania,77942
128,East Robert,Idaho,78827
129,Byrdburgh,Washington,60341
130,Richardtown,Florida,83213
131,Justinchester,Connecticut,98662
132,Stevenmouth,Missouri,83843
133,New Thomas,Texas,74423
134,Lake Christopher,Rhode Island,57514
135,Clarencebury,Rhode Island,69111
136,Jeffreyborough,Massachusetts,84359
137,North Brandon,North Carolina,84325
138,Carrland,Missouri,70465
139,Perryshire,Nebraska,41088
140,Lake Heather,Rhode Island,46005
141,Rossberg,Vermont,63632
142,Port Michelleville,Wisconsin,71236
143,Robinsonhaven,Kansas,30271
144,Williamsbury,Louisiana,12239
145,South Dennismouth,Montana,58416
146,Stephaniemouth,Michigan,40853
147,Rivasside,Maine,48444
148,Merrittfort,New Hampshire,54529
149,Greenbury,Florida,34554
150,Katiehaven,Florida,20911
151,Simsview,Nebraska,40290
152,Jonesport,Rhode Island,01884
153,West Matthew,Vermont,00513
154,East Edwardfurt,West Virginia,69093
155,Lake Jason,North Carolina,99892
156,Russellside,Maryland,18366
157,Perryborough,Vermont,45574
158,Priceshire,Oklahoma,38087
159,Port Nicoleshire,Massachusetts,61999
160,Woodsstad,Virginia,70637
161,Karenchester,West Virginia,01591
162,South Jeffrey,Oklahoma,90648
163,Tuckerfurt,South Dakota,64979
164,Elizabethfurt,Indiana,99522
165,Port Tanner,Illinois,63031
166,New Amanda,Indiana,39771
167,Vargastown,South Carolina,01698
168,Lake Roymouth,Virginia,56919
169,North Jorge,Maine,38894
170,Jasonmouth,Utah,78751
171,Kathleenfurt,Minnesota,30806
172,Karenchester,Utah,01447
173,Maryfort,Florida,72356
174,Lake Amberstad,Virginia,49475
175,Lake Casey,Tennessee,25217
176,Port Anthonybury,Idaho,54468
177,Port Andrew,North Carolina,73973
178,East David,Ohio,57793
179,New Staciemouth,Vermont,52241
180,Katieburgh,South Dakota,33255
181,Port Loriport,Massachusetts,21901
182,New Anthonyport,Virginia,94209
183,Sandersborough,Delaware,97116
184,New Hannahbury,Wisconsin,85172
185,Lake Kendraville,Minnesota,51582
186,West Amandastad,Oklahoma,50093
187,New Deborahtown,New Mexico,29414
188,Shortville,Pennsylvania,34970
189,Yumouth,Oregon,10883
190,South Gregory,Texas,55844
191,Christinaside,Virginia,82463
192,Marshallshire,Nebraska,31900
193,Marcusbury,Utah,68214
194,West Nicolebury,West Virginia,80876
195,Hudsonfurt,Ohio,91455
196,Anthonymouth,Maine,90238
197,South Jason,Nevada,36134
198,Matthewview,Alabama,37814
199,New Stacyland,North Dakota,85495
200,Lake Richard,Connecticut,97877
201,Lake Thomas,Alaska,70223
202,Westtown,Missouri,35736
203,West Jeffreybury,Georgia,54621
204,Elizabethstad,Arkansas,25142
205,Transtad,Texas,09474
206,Barajasside,Arkansas,24409
207,Michaelmouth,Illinois,18408
208,Kristopherbury,Louisiana,38458
209,Lake Jamesville,Wisconsin,14965
210,East Javier,Hawaii,83979
211,Hillshire,Maine,60183
212,Tinaborough,Utah,81468
213,Jeremyburgh,Kentucky,59846
214,Alexisside,Georgia,36170
215,West Brandon,Arkansas,92313
216,New Kellyberg,Vermont,82126
217,Garciatown,Maine,64987
218,Taylormouth,Indiana,25114
219,Jackton,Wisconsin,42528
220,Shelleyfort,Ohio,03043
221,Port Cameronfort,Arizona,20443
222,New Crystalton,Minnesota,07006
223,East Lisa,New Hampshire,70620
224,Christopherbury,Connecticut,03401
225,New Kathybury,South Carolina,24872
226,Hayesmouth,Utah,13906
227,Michellechester,West Virginia,37478
228,Ashleyton,Oklahoma,35784
229,Port Jaredborough,Iowa,16890
230,Donnaburgh,West Virginia,94243
231,East Andrea,Tennessee,57965
232,North Ricky,Oklahoma,95804
233,Carterbury,Missouri,01576
234,Jasminemouth,Kansas,31015
235,Lake Jesusview,North Carolina,12323
236,South Danny,Vermont,20251
237,Lake Edward,Maine,02431
238,Margaretland,Vermont,65195
239,East Laurashire,Texas,28968
240,Scottmouth,Arkansas,45316
241,Hollyview,Missouri,55583
242,Kimton,Missouri,41339
243,Navarroview,Nebraska,65826
244,North Jeremyshire,Utah,49180
245,Port Emilyview,Massachusetts,61277
246,Port Katelynfort,Oklahoma,91849
247,Moonburgh,Arkansas,04660
248,Waltersfort,Alabama,43787
249,South Michaelmouth,West Virginia,11016
250,Elizabethburgh,Kentucky,98879
251,Robertfort,Illinois,19649
252,Elainefurt,South Carolina,07846
253,South Christopherview,Wyoming,35432
254,Darrellfurt,New Hampshire,51936
255,Lake Mollymouth,Iowa,09857
256,Brownhaven,South Dakota,71698
257,Cindyfort,Virginia,62124
258,Wolfborough,Virginia,24304
259,Andreaport,Tennessee,25692
260,Gilmorefort,Mississippi,33279
261,North Teresabury,Wisconsin,50515
262,West Andrea,Pennsylvania,02154
263,Davisville,Ohio,16486
264,Valentineberg,West Virginia,94175
265,Cantuport,Rhode Island,33132
266,Robertfort,Illinois,50937
267,Sanchezside,Wyoming,58560
268,South James,Washington,32897
269,Port Chad,Illinois,97182
270,Morganhaven,Maine,04893
271,Loriport,New Hampshire,26607
272,Maryshire,Idaho,60903
273,Grimesmouth,Utah,96881
274,Reedside,California,12816
275,Gibsonmouth,Idaho,68807
276,Lake John,Idaho,87795
277,Hallchester,West Virginia,27822
278,West Juliefurt,North Carolina,62475
279,Mcneilberg,Delaware,51504
280,Hannaberg,Missouri,89819
281,Mollymouth,Arizona,41409
282,New Reneetown,Nevada,42845
283,South Monica,Louisiana,21290
284,North Terrance,Oklahoma,82966
285,Matthewfurt,Kentucky,95952
286,Port Markside,Florida,06030
287,Finleyfort,Hawaii,98113
288,New Caseyport,Pennsylvania,72535
289,Lake Christopher,Kentucky,68779
290,Port Cynthiaville,Alabama,16510
291,Jacksonport,Michigan,33703
292,North Markton,New Jersey,63576
293,Michaelchester,Virginia,84193
294,East Amanda,Georgia,39667
295,East Gregory,Arizona,26548
296,Harveybury,Georgia,47742
297,Durhamberg,Massachusetts,07328
298,South Dana,Rhode Island,87886
299,Scotttown,Arkansas,29046
300,Santanaside,Wyoming,15302
301,North Scott,South Dakota,31429
302,Vanessaport,South Carolina,83457
303,Vaughnmouth,Texas,57407
304,Jamesfurt,Maryland,43035
305,Rodriguezfurt,New York,02475
306,Baileyport,Oregon,22437
307,Port Dominiqueview,Oklahoma,36689
308,New Michelleton,Minnesota,77138
309,Wallport,California,16183
310,New Laurie,Virginia,52380
311,Lake James,Massachusetts,32363
312,Ericaberg,North Dakota,01671
313,Lake Debbieport,Iowa,06005
314,Johnsonstad,Idaho,76663
315,North Renee,North Dakota,91039
316,Julieburgh,California,62795
317,East Kristin,North Carolina,90731
318,Alyssaview,Hawaii,78647
319,West Robin,Nebraska,20816
320,Coffeyport,Ohio,49180
321,Lindamouth,Ohio,12229
322,East Karenbury,Montana,33101
323,Coffeyside,Colorado,21170
324,Christopherfurt,Minnesota,66026
325,West Amandamouth,Iowa,12481
326,Emilyview,Indiana,90409
327,Carsonstad,Texas,81588
328,Lake Jesustown,Michigan,44858
329,Rosebury,Michigan,82438
330,Lake Madisonport,Mississippi,08372
331,Wilsonton,Maine,08335
332,West Wendyville,Indiana,47099
333,East Paigeberg,Wisconsin,84986
334,Chavezside,South Carolina,20675
335,Matthewsberg,North Dakota,92425
336,Penafort,New Mexico,70801
337,Crosbyview,Oklahoma,14577
338,Lake Mitchellmouth,Wisconsin,16993
339,Sampsonstad,Tennessee,64443
340,Lake Michaelstad,Alabama,30998
341,South Joshuaville,Delaware,42016
342,Davisborough,Texas,73685
343,North Kristinbury,Minnesota,84996
344,Port Anne,New Hampshire,99682
345,Port Kathyborough,Kansas,46024
346,Port Molly,Tennessee,58004
347,Kimtown,South Carolina,96601
348,Micheleberg,South Carolina,25793
349,New John,Kansas,03299
350,North Donna,Arizona,90842
351,East Alexisbury,Utah,50015
352,Alfredview,Massachusetts,47446
353,East Judyhaven,Missouri,95449
354,Lake Brycemouth,Delaware,18160
355,Williamville,Missouri,33360
356,Gordonton,Kentucky,05676
357,Stephentown,Ohio,64110
358,South Melaniechester,Washington,93119
359,South Jennifermouth,Maine,57845
360,North Marcberg,Alaska,73773
361,East Joshuashire,North Dakota,39129
362,Oscarhaven,Wyoming,71638
363,Shawnchester,Mississippi,91863
364,Port Jacquelineside,North Carolina,64738
365,South Shannon,North Carolina,25375
366,South Matthew,New Hampshire,74779
367,Rossville,New York,24962
368,Ronaldview,Arizona,71754
369,Stephaniefort,Maine,46070
370,North Marieland,Tennessee,42926
371,Davisstad,Illinois,96498
372,New Brian,Massachusetts,61894
373,Elizabethchester,North Carolina,36588
374,Morganchester,Colorado,78971
375,West Carolinestad,Connecticut,73183
376,New Williamberg,Hawaii,21517
377,Walkerville,Wyoming,09528
378,Meganstad,Ohio,70118
379,Port Joshuabury,Ohio,20820
380,Bruceside,Alabama,59402
381,New Sarahview,South Dakota,39255
382,East Joshuaport,California,35018
383,Michaelburgh,Indiana,71490
384,New Diane,Texas,48619
385,East Joycetown,South Dakota,60018
386,Lake Alyssafurt,Wyoming,00595
387,Chavezburgh,Indiana,84128
388,Larrymouth,Utah,66817
389,North Ericton,Nevada,50182
390,West Scottchester,Connecticut,96662
391,Lawsonchester,Indiana,24819
392,Jasonhaven,Ohio,02954
393,West Russellport,Vermont,81730
394,Roseport,West Virginia,48221
395,East Randallton,Wyoming,81791
396,East Kevinborough,Nevada,31799
397,Port Jonathan,Tennessee,42535
398,Davidfort,California,95004
399,Thompsonfurt,West Virginia,08803
400,New Angelica,Utah,86784
401,Charleston,Georgia,71143
402,Smithland,Alaska,51290
403,Barbarashire,New Jersey,25387
404,Mckinneychester,Virginia,69191
405,Dariustown,Michigan,90052
406,Georgemouth,Arizona,65715
407,Christopherville,Colorado,72782
408,South Brianna,California,20703
409,South Monicamouth,Arkansas,80853
410,West Kimberly,Idaho,37611
411,New Cynthiahaven,Kentucky,42784
412,Port Michael,Oklahoma,54214
413,East Curtis,California,84505
414,Jamesberg,Oregon,42709
415,East Stephaniefort,Iowa,14979
416,Webstershire,Kentucky,13117
417,Maldonadoshire,Nebraska,69077
418,Michellemouth,Missouri,86863
419,South Carlos,New Hampshire,09240
420,Welchview,South Dakota,06238
421,West Williamport,Montana,17510
422,Hayeston,Nevada,23915
423,Marieland,Massachusetts,04600
424,New Brookefurt,Alaska,26987
425,Carpenterton,Missouri,14532
426,Stoutshire,Utah,64119
427,West Cassidy,Delaware,25616
428,North Shannon,Ohio,13444
429,Toniland,Alabama,04671
430,North John,Tennessee,75344
431,Ritterhaven,Washington,84616
432,West Nathan,South Carolina,51435
433,Paulmouth,California,86736
434,Port Crystalmouth,Wisconsin,64714
435,West Codyfurt,West Virginia,69421
436,Johnathanberg,Pennsylvania,82286
437,Christopherberg,Arizona,92423
438,Kylefurt,Vermont,77872
439,New Jeanne,California,34047
440,West Angelicamouth,Minnesota,06934
441,Lake Jacqueline,North Carolina,48519
442,Lake Ellenhaven,Connecticut,29431
443,Andrewport,Maine,79924
444,East Matthew,Utah,94590
445,Leeberg,Maryland,09790
446,North Kenneth,Rhode Island,02216
447,New Kellihaven,Colorado,27860
448,Lake Matthewberg,Maine,86451
449,Mooreburgh,Wisconsin,64910
450,Lake Samuel,New Hampshire,10981
451,Diazbury,Missouri,61850
452,Bishopmouth,Montana,84245
453,New John,Texas,08457
454,Mckeeborough,Alaska,47808
455,Erikashire,New Mexico,73641
456,Murrayport,Hawaii,97950
457,Shawchester,Ohio,55020
458,Port James,Iowa,48875
459,Port John,Florida,93356
460,Sawyerside,West Virginia,08142
461,Lake Meghanville,Montana,81363
462,Christopherburgh,Ohio,35341
463,Shannonhaven,Maine,69840
464,Port Samuel,South Dakota,05829
465,Port Shannon,Georgia,96747
466,Sarahchester,Maryland,09726
467,South Waynebury,Utah,40334
468,Vangstad,Washington,10716
469,North Lucas,Tennessee,28799
470,Port Jennifermouth,Mississippi,68590
471,East Benjamin,Alabama,13230
472,Hortonberg,Oklahoma,13768
473,Westtown,Oklahoma,95550
474,North Jonathanberg,Georgia,30780
475,Rodriguezport,Delaware,70186
476,West David,Arizona,51007
477,South Danielle,Alabama,25333
478,Brownfort,Oregon,25813
479,Lake Zacharybury,Rhode Island,69470
480,West Ruben,Montana,86599
481,Johnchester,Ohio,33106
482,Lake Elizabeth,Oklahoma,75215
483,Carloshaven,Colorado,82463
484,South Morganton,Maryland,23949
485,Zavalaview,Indiana,73694
486,West Kristinastad,West Virginia,98699
487,Lake Diane,West Virginia,73657
488,Port Bonniemouth,Washington,54920
489,North Michael,Minnesota,98294
490,Lisaburgh,Indiana,14330
491,Pollardfort,Nebraska,84206
492,Port Dennis,Tennessee,76072
493,Johnsonborough,North Carolina,47419
494,Port Jameston,Georgia,88908
495,Sarahhaven,Hawaii,60626
496,Haysside,Idaho,92585
497,Kingborough,Iowa,87695
498,Michaelton,South Carolina,56478
499,Joshuastad,Kentucky,14145
500,Prestonmouth,Illinois,22365
501,Morganburgh,Delaware,24145
502,Holtstad,Idaho,72586
503,Lauriechester,Texas,53133
504,South Carrieburgh,Oregon,66652
505,Manuelland,Arkansas,44739
506,Donnaport,Wisconsin,86685
507,Morrisonchester,Oklahoma,21233
508,Lake Scott,New Jersey,70480
509,Williamsstad,Tennessee,79133
510,Hillton,Oklahoma,58567
511,Lake Danastad,California,46680
512,North Douglas,Maine,41808
513,Johnsonland,Texas,72601
514,Port Deanna,California,43054
515,Patrickshire,Kentucky,49223
516,New Ericmouth,Connecticut,54547
517,Nathanland,Illinois,83501
518,New Michael,Washington,56939
519,Debrabury,Pennsylvania,95641
520,North Jillfort,New York,42896
521,Mcintyreville,Michigan,80246
522,Kimberlymouth,Minnesota,32052
523,New Justin,Florida,74313
524,Gonzalezberg,Texas,72017
525,South Geraldmouth,Tennessee,28540
526,Port Evelynmouth,Kansas,49661
527,Jennaside,Connecticut,72621
528,Patriciaburgh,Maine,98094
529,Port Michael,South Carolina,33804
530,North Tracie,California,47688
531,East Kristy,Illinois,59798
532,West Angelastad,Massachusetts,59155
533,Laraside,New York,52548
534,New Nicole,New Hampshire,00526
535,West Raymondfort,Michigan,95700
536,Hammondshire,South Carolina,05044
537,East Teresaland,Texas,37788
538,Owenshaven,Maryland,78588
539,Davidside,Vermont,02637
540,Port Tammy,Pennsylvania,68345
541,Shawton,Georgia,18206
542,New Ericburgh,Oregon,40063
543,West Sarah,Oregon,01361
544,West Stacey,Mississippi,39866
545,Meghanview,Massachusetts,29584
546,Lake Stephanie,Nevada,28658
547,Davidport,Hawaii,41776
548,New Danielleshire,Alabama,03345
549,East Donna,Massachusetts,90903
550,Meganshire,Kansas,36671
551,Port Michelleland,Iowa,73070
552,Lake Kelliview,Virginia,67514
553,Port Ashley,West Virginia,73419
554,South Pamelaside,Tennessee,75299
555,Dawnport,Nevada,75423
556,Sanchezfurt,Louisiana,20779
557,Shawnton,Mississippi,12859
558,South Robert,Florida,05447
559,Harrisberg,Utah,60842
560,Michellemouth,Washington,47117
561,Theresaberg,Michigan,20962
562,Zacharyville,New Mexico,18642
563,Johnville,New Jersey,35233
564,Shannonberg,New Hampshire,48615
565,North Kellyfurt,Minnesota,76805
566,Wrightburgh,Wyoming,33250
567,Sarahmouth,Maryland,31040
568,Port Erik,New York,34087
569,Jimenezport,Oklahoma,39862
570,Johnsonfurt,Connecticut,12547
571,Levyborough,Idaho,75275
572,Brandonport,Tennessee,52903
573,Harperfort,Rhode Island,75089
574,Amandaville,Colorado,29000
575,Andersonview,Louisiana,96742
576,Kathrynstad,Florida,10619
577,South Brettside,Ohio,95342
578,West Angela,Illinois,43059
579,South Williamside,Kentucky,63747
580,Marciaville,Washington,23163
581,North Phillip,South Dakota,64500
582,Angelastad,California,90887
583,East Carrie,Washington,92624
584,Porterton,California,76028
585,East Jenniferfort,Alaska,13000
586,Hernandezhaven,North Carolina,78519
587,West Sarah,South Dakota,84682
588,Franciscoport,Alaska,39874
589,Williamhaven,Pennsylvania,05399
590,Ericksonport,Pennsylvania,96287
591,Cabrerastad,Montana,76035
592,Emilychester,Wyoming,50511
593,Lauratown,Pennsylvania,10787
594,Bakershire,Indiana,07830
595,Lake Brett,Arizona,44330
596,Jacksonfurt,Oklahoma,46104
597,Port Erin,Kentucky,57426
598,New Stacyville,Ohio,55095
599,North Scott,Ohio,16300
600,Hernandezborough,New Mexico,30217
601,Shawfort,Tennessee,98500
602,Lake Devinborough,Wyoming,86062
603,Whitneyfort,Georgia,79445
604,Edwardsburgh,Mississippi,01999
605,Barrmouth,Montana,83585
606,Ericaview,Iowa,83363
607,Leebury,Wyoming,50634
608,Angelabury,Pennsylvania,07595
609,Kellieborough,Washington,40449
610,Stewartstad,Maine,69232
611,Keithshire,Florida,05898
612,Huangfurt,New Jersey,42354
613,Stephanieberg,North Carolina,71270
614,Bobbyland,North Carolina,74545
615,Sandraview,Colorado,20106
616,Lewisside,Montana,43339
617,Sarahview,Mississippi,66351
618,North Christina,North Carolina,91958
619,East Brent,Alabama,29441
620,Lake Jesse,Texas,20580
621,South Markfort,Kansas,07122
622,Lake Kellitown,South Carolina,88795
623,South Denise,Utah,96390
624,Woodsborough,Hawaii,51996
625,Manuelton,Wisconsin,58908
626,Lake Audreyside,North Carolina,99177
627,East Robertburgh,Florida,78506
628,Port Randyfort,New Hampshire,75900
629,Lake Suzanne,Hawaii,66656
630,Nancytown,Idaho,12308
631,Ashleyville,Oregon,29610
632,Justinside,Oregon,57115
633,Smallberg,Texas,38483
634,Nelsonville,Georgia,52185
635,Franciscomouth,West Virginia,19901
636,Jennifertown,Washington,17827
637,Krystalshire,New Mexico,44563
638,East Cheryl,Minnesota,11320
639,Wilcoxhaven,Arizona,62872
640,Christopherville,Iowa,75400
641,East Thomas,Wisconsin,98190
642,North Jose,New York,06964
643,South Karen,Iowa,72348
644,Kevinshire,California,52823
645,West Desireebury,Kentucky,34914
646,Lake Davidport,Mississippi,11652
647,South Gina,Iowa,52736
648,Hannahport,Arizona,66275
649,Christinabury,Texas,57450
650,South Eric,Indiana,91972
651,Robertside,North Dakota,17589
652,Toddborough,Mississippi,18178
653,Lake Karen,Missouri,63536
654,New Seanstad,New Mexico,73809
655,New Danielside,New Jersey,26467
656,New Amanda,Arizona,64445
657,West Melissa,Arizona,52316
658,Wilsonborough,Tennessee,85992
659,Davishaven,Massachusetts,75386
660,Stokesmouth,Connecticut,26204
661,New Robert,Virginia,74054
662,New Stevenport,North Dakota,81240
663,South Jonathantown,South Dakota,96926
664,New Charles,Louisiana,69215
665,Cooperland,West Virginia,32776
666,North Valeriefort,Kentucky,32261
667,West Robertberg,Pennsylvania,09891
668,Brooksfurt,Ohio,35399
669,Kanefurt,Oregon,56870
670,Millerside,Idaho,42891
671,Lake Michelle,Missouri,90250
672,East Victoriafurt,Tennessee,76000
673,Lake Tiffany,Missouri,12244
674,Port Andrewport,Mississippi,15250
675,Nunezside,Pennsylvania,88548
676,Patelbury,Tennessee,54710
677,South Michael,California,56015
678,Jacobville,North Dakota,48377
679,Port Donnatown,Kentucky,46154
680,East Carlos,Missouri,25468
681,South Carlaton,Iowa,42540
682,Lake Bradley,North Dakota,45658
683,Youngborough,Montana,78341
684,East Williamport,Minnesota,86406
685,Port Sabrina,Minnesota,03673
686,Barbaramouth,New York,40454
687,West Nancy,New Mexico,22685
688,South Kevin,Rhode Island,46339
689,New Stacyburgh,Alabama,81270
690,Peterston,North Carolina,58462
691,Shellyfurt,Florida,82182
692,Heatherchester,New Hampshire,19613
693,West Nicholas,Hawaii,58233
694,Allenbury,Iowa,06383
695,Meredithberg,California,31104
696,Melendezside,North Carolina,26674
697,Faulknerside,Tennessee,90332
698,South John,Louisiana,49498
699,West Deborah,Indiana,20947
700,Booneland,Georgia,99818
701,North Joseph,Idaho,95985
702,Port Charlesshire,Hawaii,11748
703,South Jason,Mississippi,15229
704,Kevintown,Rhode Island,97439
705,East Suzanne,Virginia,07649
706,Lake Yvonnefort,Delaware,32357
707,Lake Cassandra,Texas,81897
708,South Rose,Iowa,19857
709,Kimberlyfurt,Nebraska,38208
710,Fergusonstad,Michigan,02301
711,Josehaven,Washington,45494
712,Owensfort,Delaware,91438
713,Robinstad,New Mexico,15086
714,Robertshire,Utah,40493
715,Lake Dustin,New Mexico,59491
716,Angelashire,New Mexico,62260
717,Phillipsborough,Indiana,03482
718,Jerryshire,Pennsylvania,44000
719,South Andrea,Hawaii,27896
720,Jonathanfort,Tennessee,97495
721,Murraystad,Nebraska,71018
722,East Jennifer,Alaska,28271
723,Whiteside,Kansas,27213
724,New Arthurland,Arizona,72121
725,Port Adamberg,Florida,69086
726,North Jasmine,Oregon,98851
727,East Williamstad,Pennsylvania,34403
728,New Danafort,Hawaii,72433
729,Smithside,Florida,63812
730,Smithhaven,South Dakota,82164
731,Amandaport,North Carolina,96173
732,New Lisachester,Arizona,19027
733,North Samantha,Oregon,91605
734,East James,Georgia,92088
735,Lisaview,Arkansas,88091
736,Millerfurt,Hawaii,02911
737,Cunninghambury,Kentucky,49863
738,Gabriellaland,Idaho,76916
739,North Richardfurt,North Dakota,87470
740,Browntown,Montana,69549
741,North Vincent,Rhode Island,06200
742,Newmanmouth,Oregon,33984
743,New Samanthabury,South Dakota,22825
744,Port Heather,Alaska,08379
745,Nelsonland,Washington,37727
746,Rachelshire,Washington,26806
747,East Sarahmouth,Texas,91796
748,East Brendafurt,Maine,81498
749,West Franciscobury,Colorado,36058
750,Rhodesside,Indiana,07458
751,Patrickberg,New Hampshire,61444
752,New Juliestad,Rhode Island,86321
753,North Samuelland,New Mexico,01593
754,Cassiefurt,New Mexico,09230
755,Anthonyview,Hawaii,51441
756,Henrystad,Iowa,87057
757,Reynoldsshire,Nebraska,36062
758,Millerport,Rhode Island,87399
759,Lake Charles,Georgia,87021
760,Ericberg,Pennsylvania,47715
761,Stewartville,Wyoming,14642
762,North Sherrymouth,Idaho,03001
763,Kathleenville,South Carolina,38838
764,North Jacob,Texas,85620
765,Hawkinshaven,North Carolina,51163
766,Garcialand,Kentucky,30800
767,Angelamouth,Hawaii,50400
768,Smithchester,Washington,67156
769,Maxwellside,Utah,93521
770,New Adriana,Michigan,13556
771,Jacksonview,New Jersey,41848
772,Josephberg,Rhode Island,64026
773,East Ryanchester,Pennsylvania,78764
774,Toddland,California,70173
775,Johnathanbury,Iowa,12038
776,Wheelerborough,Missouri,24935
777,Rodriguezport,Missouri,26567
778,South Martinfurt,Florida,66122
779,Scottchester,Connecticut,60530
780,West Malik,Alaska,73991
781,South Leon,Illinois,93885
782,Novakport,North Dakota,03317
783,Faulknerbury,North Carolina,05711
784,Nicholasfurt,Utah,32927
785,Danielshire,Nebraska,69892
786,New Wendy,Georgia,40468
787,Lake Katrina,Rhode Island,44222
788,Lake Stevenborough,Connecticut,64717
789,Salinasland,Idaho,52064
790,Chambersberg,New Mexico,98069
791,Johnberg,South Carolina,21079
792,Mccormickland,Rhode Island,02909
793,Ewingfort,Arizona,45954
794,Fergusonchester,Ohio,90195
795,Port Tanyaside,North Carolina,46626
796,North Kaylastad,Wisconsin,47081
797,Lake Cheyenne,Delaware,82451
798,Rasmussenmouth,Colorado,40127
799,Rodriguezville,New Mexico,31460
800,Jeffreyhaven,Texas,66201
801,South Neil,Florida,36660
802,Bartonshire,Rhode Island,08628
803,West Whitney,Ohio,82524
804,Garciachester,Alabama,34275
805,North Marieberg,Wyoming,51248
806,Larrymouth,Utah,04363
807,New Timothy,Tennessee,73238
808,Davismouth,Nevada,37226
809,Carloston,North Dakota,30068
810,North Melindaville,Nebraska,20385
811,Lake John,Mississippi,45299
812,New Ethan,Arizona,51992
813,Mullenbury,Vermont,86606
814,Sotoburgh,North Dakota,18492
815,Fosterborough,Nevada,12008
816,Vargasfurt,Iowa,96169
817,Lake Jasonview,New Mexico,50597
818,New Cristianside,Wyoming,68752
819,West Mark,Missouri,89367
820,Wilsonfort,Minnesota,80775
821,Candicefurt,Pennsylvania,82489
822,West Michaelmouth,West Virginia,90484
823,Port Emily,Wisconsin,30310
824,Samanthashire,Vermont,55201
825,Lake Dennisville,Oregon,32005
826,West Daryl,Connecticut,75591
827,Heatherhaven,Nevada,20522
828,Barnesberg,Florida,56398
829,Hendersonfort,Kentucky,41445
830,New Garrett,New Mexico,79847
831,Donaldmouth,Wyoming,43661
832,Harveystad,Iowa,59374
833,South Derrickfurt,Colorado,71572
834,Ortizfort,Maine,17772
835,Mckinneymouth,Rhode Island,27601
836,Jacksonshire,Ohio,86021
837,Port Kathleenport,Nebraska,18664
838,West Jeffreyport,Kentucky,76657
839,Port Stephen,Illinois,71457
840,Dunnville,Alabama,90160
841,West Kimberlystad,Virginia,27018
842,Port Jenniferside,West Virginia,18603
843,South Curtis,Alabama,41002
844,West Nancy,Oregon,90748
845,South Joseland,North Dakota,92924
846,Grimesville,Delaware,69157
847,East Lisa,North Dakota,18228
848,Michellechester,Alabama,56870
849,New Donald,Missouri,19526
850,Port Jamie,Tennessee,86514
851,New Michaelview,Indiana,74536
852,West Tiffany,Vermont,21216
853,Keithview,Massachusetts,42115
854,East Sydneychester,Nebraska,09389
855,West Michelleberg,Mississippi,73552
856,East Dustin,Connecticut,70357
857,Mariafurt,Georgia,94799
858,Thomasview,Nevada,16018
859,Brooksland,Tennessee,24635
860,South Zacharyview,Pennsylvania,42129
861,Shawnfort,Kentucky,19574
862,Brandiland,Kentucky,95800
863,Reidstad,Ohio,04365
864,Port Amandaborough,Nevada,42272
865,Summersfort,Oregon,54770
866,Marcusport,Mississippi,54404
867,Amyberg,South Carolina,40261
868,Kramerton,Louisiana,58566
869,North Conniemouth,Utah,98229
870,North Sarahburgh,Montana,83973
871,Bryantchester,Wisconsin,97276
872,Lake Regina,Indiana,36388
873,Erikview,Nebraska,20418
874,Lake Michaelland,Oklahoma,25133
875,Elizabethburgh,Oklahoma,14495
876,South Conniebury,New Mexico,17742
877,Riosville,Idaho,24716
878,East Thomasberg,Mississippi,03934
879,New Erin,Oklahoma,80714
880,North Heatherville,Oklahoma,81365
881,Bensonfort,New Mexico,35479
882,East Patrickville,Kentucky,79878
883,West Michaelport,Maryland,74824
884,South Kiara,Oregon,80764
885,Lake Victoria,Minnesota,30767
886,North Alyssa,Wyoming,78667
887,New Debramouth,Virginia,30933
888,Jenniferberg,Montana,30767
889,Jensenmouth,West Virginia,90596
890,North Peggy,Florida,03919
891,Port David,Texas,47590
892,Bellchester,Delaware,10918
893,Kyliebury,West Virginia,90697
894,Deannabury,Iowa,62970
895,Kimberlytown,New Hampshire,18076
896,Jamiehaven,Vermont,66341
897,Lake Peter,Hawaii,79761
898,Port Rachaelbury,Connecticut,61942
899,Cruzbury,Indiana,93826
900,Littleland,North Carolina,85641
901,West Sarahberg,Montana,49516
902,Valenciashire,Michigan,24615
903,Diazburgh,Oklahoma,51286
904,Bestland,South Carolina,64915
905,New Carlosview,Vermont,62609
906,North Sandra,Utah,18525
907,Hunterhaven,Virginia,21968
908,Hendersonfurt,Arkansas,25831
909,Lake Amandaberg,Hawaii,30159
910,Christopherland,Missouri,04725
911,Port Eric,South Dakota,54055
912,Peterland,Alabama,02468
913,Hollybury,Colorado,35871
914,East Christopherchester,Georgia,54639
915,South Cherylton,New Mexico,29671
916,Elizabethburgh,Rhode Island,97804
917,North Jeantown,Nevada,88494
918,South Stephanie,Colorado,27086
919,Garyberg,California,99824
920,Jessicaville,Kentucky,27313
921,West Lindsayview,Iowa,09169
922,West Jennifershire,Mississippi,23710
923,South Spencerstad,Colorado,58078
924,South Micheleburgh,Rhode Island,81380
925,Ericville,Arizona,64718
926,East Joycetown,Washington,90660
927,Port Michellebury,Missouri,43085
928,South Michaelberg,Montana,60472
929,Port Austin,South Carolina,32847
930,Walkerbury,Tennessee,56541
931,Moonmouth,North Dakota,53567
932,Margaretshire,Maine,05983
933,Davidton,Virginia,80183
934,East Linda,Rhode Island,96882
935,South Caseymouth,Arkansas,50357
936,Kiaraport,Wyoming,94899
937,Christophermouth,Idaho,41513
938,West Jamesshire,South Dakota,52163
939,Jodibury,New York,80652
940,Richardsonfort,New Hampshire,97817
941,Lake Rachel,Alabama,75465
942,East Adam,Illinois,78332
943,Johnsonside,Texas,70776
944,Cynthiatown,North Dakota,69344
945,Aaronfurt,Maine,84569
946,Daltonhaven,Illinois,92790
947,South Travis,Arizona,05548
948,East Jenniferland,Rhode Island,68743
949,East Phyllishaven,North Carolina,14829
950,Haynesstad,North Dakota,59694
951,Villegasland,Vermont,60387
952,New Dennisfurt,Iowa,06060
953,New Ashleychester,South Carolina,32708
954,East Kelly,Hawaii,68488
955,Sarafurt,Utah,71000
956,Louisview,Arizona,52354
957,North Sherry,Mississippi,96861
958,Port Kayla,Kansas,05645
959,East Danielmouth,Tennessee,73599
960,Edwardsville,Alabama,51278
961,Tamiborough,Hawaii,68150
962,Parkerview,Colorado,83161
963,North Ericport,Louisiana,06962
964,East Marymouth,Wyoming,25385
965,North Jennifer,Montana,38666
966,Randyton,Minnesota,58114
967,Jorgeburgh,Texas,52672
968,South Melissaside,Montana,40419
969,North Steven,Montana,37976
970,North Alexander,Pennsylvania,60970
971,East James,Illinois,22322
972,Watsonland,North Dakota,55873
973,Samanthaland,Alabama,39091
974,North Jamesmouth,West Virginia,80865
975,North Rebecca,Virginia,07650
976,Davidmouth,California,90934
977,East Sandrachester,Colorado,68261
978,Crawfordfurt,Oklahoma,19144
979,Thompsonborough,Maine,61263
980,West Joshua,Washington,85186
981,North Christina,Oklahoma,59705
982,Lake Kenneth,Pennsylvania,12355
983,Andradefort,Minnesota,95219
984,North Joshuaberg,Minnesota,66123
985,Gonzalezhaven,Louisiana,15334
986,Lake Virginia,Iowa,24063
987,South Kimberlystad,Rhode Island,77236
988,Stephensfort,Illinois,91742
989,Robertahaven,New Jersey,72119
990,Paulburgh,Montana,18235
991,West Carlatown,Oregon,52021
992,Brianfort,Alabama,54707
993,Katiebury,Kentucky,42897
994,North John,Idaho,59599
995,West Amanda,Nebraska,03766
996,Port Wendybury,North Carolina,23946
997,Kellyburgh,Connecticut,59965
998,East Brittany,Oklahoma,77874
999,Robintown,California,93907
1000,Staceyshire,North Carolina,26968
1001,New Stacy,Maine,60097
1002,Weaverburgh,Michigan,12321
1003,Johnsonton,Delaware,33279
1004,New Jeffery,North Carolina,42978
1005,Smithborough,Kentucky,91165
1006,West Jennifer,Ohio,85511
1007,Brianberg,Oregon,93754
1008,Port Daniel,Kentucky,21996
1009,Susanstad,Vermont,94659
1010,Willismouth,New Hampshire,96611
1011,Marcusburgh,Missouri,16694
1012,Connerfort,Oregon,12453
1013,Grantside,New Mexico,15464
1014,Jeffreyshire,Wyoming,93067
1015,South Kurt,Kansas,59404
1016,Davidtown,Wisconsin,83610
1017,Rosalesshire,Michigan,48072
1018,East Carriebury,Wyoming,11682
1019,South Donaldland,New Jersey,69158
1020,West Toni,Utah,93205
1021,Lake Nicole,New Jersey,50844
1022,Port Jennamouth,Pennsylvania,95773
1023,Smithborough,Alaska,67566
1024,Lake Carlos,New Mexico,80726
1025,Kristintown,Delaware,21459
1026,South Samuelchester,Kentucky,50135
1027,South Trevor,California,72635
1028,Bellfurt,Missouri,50387
1029,Port Timothyshire,South Dakota,06255
1030,East Shannon,Iowa,22899
1031,West Andrewview,Utah,44435
1032,North Matthewfurt,Vermont,74621
1033,Lake Charles,Iowa,86946
1034,West Brookefort,Massachusetts,20173
1035,South Sherriburgh,Nebraska,21750
1036,Mooreville,Minnesota,19454
1037,Jamieborough,North Dakota,23945
1038,Terryside,Ohio,93830
1039,Donnaport,Alabama,07226
1040,North Brandon,Vermont,55496
1041,Hernandezstad,Kentucky,40879
1042,South Christopherfort,Kansas,41070
1043,North Anthony,Maine,96204
1044,Lake Kelly,Colorado,58992
1045,South Meganport,Montana,38352
1046,Ruizview,Utah,82611
1047,Lake Amyburgh,West Virginia,24185
1048,Nicolestad,Michigan,15909
1049,South Bradley,California,17746
1050,Marshallbury,Oklahoma,27089
1051,Anneberg,Idaho,00964
1052,North Elizabethside,New Mexico,82101
1053,Arellanoshire,Massachusetts,33676
1054,New Bruce,Minnesota,02101
1055,Cardenaschester,Indiana,60616
1056,Armstrongbury,Oregon,65726
1057,Evansfurt,Louisiana,65859
1058,New Ashleyhaven,Idaho,71738
1059,North Stacy,West Virginia,01254
1060,Thompsonburgh,Utah,80190
1061,Port James,Illinois,65180
1062,South Christianchester,New York,31680
1063,Port Courtney,West Virginia,28927
1064,Luisland,Illinois,77684
1065,South Angelaside,Kansas,86939
1066,Melissahaven,West Virginia,62853
1067,Starktown,Kansas,59973
1068,Rodriguezberg,Kentucky,54260
1069,New Brianna,Indiana,58418
1070,North Annaville,Iowa,10908
1071,Mikaylastad,Illinois,79303
1072,Bakerfort,Kansas,79157
1073,Johnsonview,South Carolina,01362
1074,Thomasfurt,Minnesota,32576
1075,South Pamelamouth,Georgia,72242
1076,North Julie,Wyoming,36953
1077,Pennytown,Connecticut,81734
1078,Lisaport,Delaware,82897
1079,Juanfort,Colorado,73580
1080,Port Jeremyport,Utah,27716
1081,Schroedermouth,Texas,06912
1082,Jessicaland,New York,24728
1083,South Jason,South Carolina,19933
1084,Figueroahaven,Alabama,07718
1085,Lorihaven,Wisconsin,86127
1086,North Larry,Ohio,46247
1087,Taylorhaven,Arizona,05314
1088,East Jamesborough,New Mexico,19555
1089,East Antonioton,Mississippi,04751
1090,Janetview,South Carolina,87925
1091,Madisonhaven,Massachusetts,76272
1092,Reidville,New York,79574
1093,East Nathanmouth,Oregon,39618
1094,Port Thomas,Louisiana,43900
1095,Maxview,New York,11996
1096,West Anthonyton,Idaho,06927
1097,Port Ashley,Wisconsin,14773
1098,Port Jeffrey,North Carolina,55152
1099,Lake Jamie,Louisiana,23864
1100,Palmertown,Montana,21647
1101,Buckburgh,Iowa,88593
1102,East Johnnyport,Wisconsin,37775
1103,Rodneyfurt,Oregon,80597
1104,Stephenborough,Florida,87129
1105,Turnerhaven,Arkansas,91139
1106,Silvatown,North Dakota,92231
1107,Annaport,Nevada,78484
1108,Gabriellefort,New Mexico,75511
1109,West Vanessamouth,Ohio,74186
1110,Joseport,Arizona,23755
1111,East Zachary,North Carolina,60183
1112,North Linda,Minnesota,98717
1113,Guerreroberg,Montana,76387
1114,Lake Tylerport,Utah,47711
1115,Rebeccafurt,Wyoming,05198
1116,Doyleshire,Idaho,12707
1117,West Jessica,New Jersey,39730
1118,Lake Amanda,Delaware,42813
1119,Knoxstad,Vermont,48810
1120,Meganside,North Dakota,50169
1121,West Connor,New Jersey,09370
1122,Lake Jonathan,Massachusetts,99911
1123,Lake Rachel,Vermont,56511
1124,East Michaelport,Alabama,72652
1125,Frenchmouth,Alabama,09010
1126,Jorgeport,Utah,38883
1127,Yorkfort,Indiana,62211
1128,Port Cynthiashire,Missouri,18136
1129,South Pamelahaven,Pennsylvania,16494
1130,Port Erinhaven,Connecticut,91546
1131,Robertberg,Massachusetts,36469
1132,East Matthew,Mississippi,43651
1133,Thomasburgh,South Carolina,69582
1134,South Marvinburgh,Kentucky,54733
1135,Cynthiatown,Idaho,69267
1136,Hillburgh,Oklahoma,28005
1137,South Kristen,Kentucky,91704
1138,East Christinachester,Kansas,27901
1139,Pattersonfort,Louisiana,80724
1140,Smithside,New Mexico,08127
1141,Lake Nathan,South Carolina,14827
1142,West Katherinehaven,Michigan,75391
1143,North Erica,Mississippi,96147
1144,East Heather,Idaho,82942
1145,Larryville,New York,69831
1146,Gordonport,Nevada,11992
1147,North Madison,Indiana,63895
1148,Stacymouth,Nebraska,95406
1149,Ryanberg,Vermont,90764
1150,Wendyfort,Wisconsin,79770
1151,Karenburgh,Mississippi,93143
1152,Smithbury,Mississippi,38143
1153,East Jessica,Montana,56475
1154,North Michael,Louisiana,80303
1155,South Nancyview,New Hampshire,41983
1156,New Virginiaville,Idaho,34535
1157,North Hannahchester,Oregon,69365
1158,Jamesside,Florida,75886
1159,Thomasberg,Oregon,82190
1160,Lake Gina,Utah,46881
1161,West Robertville,Iowa,17502
1162,Cindyberg,Connecticut,81017
1163,Rivasville,Washington,74246
1164,West Danielville,Louisiana,65564
1165,Gonzalezborough,Kansas,68619
1166,Marieborough,Oklahoma,96076
1167,Jadeport,Nevada,83319
1168,North Amy,Missouri,65740
1169,Lake Sarah,Illinois,65054
1170,Jimmytown,Georgia,24081
1171,North Maryfort,West Virginia,80377
1172,North Kimberly,Georgia,31004
1173,Lake Jenniferview,New Mexico,93376
1174,South Vanessa,Alabama,38575
1175,Josephton,Idaho,25870
1176,Port Greggton,Nebraska,00708
1177,Michaelmouth,New York,15994
1178,Rodgersville,Florida,03644
1179,North Melissaburgh,South Dakota,61434
1180,Michaelmouth,North Dakota,82481
1181,Natalieland,Ohio,15957
1182,Lisaburgh,Washington,97162
1183,South Ricardomouth,Massachusetts,27676
1184,Maryfort,New York,81150
1185,Banksburgh,Maryland,54847
1186,East Heatherton,Kentucky,54770
1187,North Robert,Oklahoma,06463
1188,Phammouth,Oregon,44251
1189,New Noah,Arkansas,46330
1190,Cherylberg,Montana,73955
1191,Knappville,Connecticut,84059
1192,Alexanderland,Vermont,28332
1193,Dianatown,Hawaii,01981
1194,Lake Morgan,Arkansas,84468
1195,South Dorothybury,Indiana,26871
1196,Reedfurt,Kentucky,90942
1197,Port Margaret,New Mexico,37414
1198,North Dawnburgh,South Dakota,33848
1199,Christianburgh,Connecticut,09392
