account_id,customer_id,paperless
1,1,False
2,2,True
3,3,True
4,4,False
5,5,True
6,6,True
7,7,False
8,8,False
9,9,False
10,10,False
11,11,False
12,12,False
13,13,True
14,14,True
15,15,False
16,16,True
17,17,True
18,18,True
19,19,True
20,20,False
21,21,True
22,22,True
23,23,False
24,24,True
25,25,True
26,26,True
27,27,False
28,28,False
29,29,False
30,30,True
31,31,True
32,32,False
33,33,True
34,34,False
35,35,True
36,36,True
37,37,False
38,38,True
39,39,False
40,40,True
41,41,False
42,42,False
43,43,False
44,44,True
45,45,True
46,46,True
47,47,False
48,48,False
49,49,False
50,50,False
51,51,False
52,52,False
53,53,False
54,54,True
55,55,False
56,56,False
57,57,True
58,58,True
59,59,True
60,60,True
61,61,True
62,62,True
63,63,False
64,64,True
65,65,False
66,66,True
67,67,False
68,68,False
69,69,False
70,70,False
71,71,True
72,72,False
73,73,True
74,74,True
75,75,True
76,76,False
77,77,True
78,78,False
79,79,True
80,80,True
81,81,False
82,82,False
83,83,False
84,84,True
85,85,True
86,86,False
87,87,False
88,88,True
89,89,False
90,90,True
91,91,True
92,92,False
93,93,False
94,94,False
95,95,True
96,96,True
97,97,True
98,98,False
99,99,False
100,100,True
101,101,False
102,102,True
103,103,False
104,104,True
105,105,False
106,106,True
107,107,False
108,108,True
109,109,False
110,110,False
111,111,True
112,112,False
113,113,True
114,114,True
115,115,True
116,116,False
117,117,False
118,118,False
119,119,True
120,120,True
121,121,True
122,122,False
123,123,True
124,124,True
125,125,False
126,126,True
127,127,False
128,128,False
129,129,False
130,130,False
131,131,True
132,132,False
133,133,False
134,134,False
135,135,False
136,136,False
137,137,False
138,138,False
139,139,True
140,140,False
141,141,True
142,142,False
143,143,False
144,144,False
145,145,False
146,146,False
147,147,False
148,148,False
149,149,True
150,150,False
151,151,False
152,152,True
153,153,True
154,154,True
155,155,True
156,156,True
157,157,False
158,158,False
159,159,True
160,160,False
161,161,False
162,162,True
163,163,True
164,164,True
165,165,True
166,166,False
167,167,False
168,168,False
169,169,True
170,170,False
171,171,False
172,172,False
173,173,False
174,174,False
175,175,False
176,176,False
177,177,True
178,178,False
179,179,True
180,180,True
181,181,False
182,182,True
183,183,True
184,184,False
185,185,True
186,186,True
187,187,False
188,188,False
189,189,False
190,190,True
191,191,True
192,192,True
193,193,True
194,194,False
195,195,False
196,196,False
197,197,True
198,198,False
199,199,True
200,200,True
201,201,False
202,202,True
203,203,True
204,204,True
205,205,True
206,206,False
207,207,True
208,208,True
209,209,True
210,210,True
211,211,False
212,212,False
213,213,False
214,214,False
215,215,True
216,216,True
217,217,True
218,218,False
219,219,True
220,220,False
221,221,False
222,222,True
223,223,False
224,224,False
225,225,False
226,226,True
227,227,True
228,228,False
229,229,True
230,230,True
231,231,False
232,232,True
233,233,True
234,234,True
235,235,False
236,236,False
237,237,False
238,238,True
239,239,True
240,240,True
241,241,False
242,242,True
243,243,True
244,244,True
245,245,True
246,246,False
247,247,True
248,248,True
249,249,True
250,250,False
251,251,False
252,252,False
253,253,True
254,254,False
255,255,True
256,256,True
257,257,True
258,258,False
259,259,False
260,260,True
261,261,False
262,262,True
263,263,False
264,264,True
265,265,False
266,266,False
267,267,True
268,268,True
269,269,True
270,270,True
271,271,True
272,272,False
273,273,True
274,274,False
275,275,False
276,276,True
277,277,True
278,278,True
279,279,True
280,280,True
281,281,True
282,282,False
283,283,True
284,284,False
285,285,False
286,286,False
287,287,True
288,288,True
289,289,False
290,290,False
291,291,False
292,292,True
293,293,False
294,294,True
295,295,True
296,296,True
297,297,False
298,298,False
299,299,False
300,300,False
301,301,False
302,302,True
303,303,False
304,304,False
305,305,True
306,306,False
307,307,False
308,308,False
309,309,False
310,310,True
311,311,False
312,312,True
313,313,True
314,314,False
315,315,False
316,316,True
317,317,False
318,318,True
319,319,False
320,320,True
321,321,True
322,322,False
323,323,True
324,324,True
325,325,False
326,326,False
327,327,False
328,328,False
329,329,True
330,330,False
331,331,False
332,332,False
333,333,False
334,334,True
335,335,False
336,336,False
337,337,True
338,338,False
339,339,True
340,340,False
341,341,True
342,342,False
343,343,False
344,344,True
345,345,False
346,346,False
347,347,True
348,348,True
349,349,False
350,350,False
351,351,False
352,352,False
353,353,True
354,354,True
355,355,False
356,356,False
357,357,True
358,358,True
359,359,False
360,360,True
361,361,False
362,362,True
363,363,False
364,364,True
365,365,True
366,366,False
367,367,False
368,368,False
369,369,False
370,370,True
371,371,False
372,372,True
373,373,True
374,374,False
375,375,True
376,376,False
377,377,False
378,378,True
379,379,True
380,380,True
381,381,False
382,382,True
383,383,True
384,384,True
385,385,True
386,386,False
387,387,True
388,388,True
389,389,True
390,390,True
391,391,False
392,392,True
393,393,True
394,394,False
395,395,True
396,396,True
397,397,False
398,398,True
399,399,True
400,400,True
401,401,False
402,402,True
403,403,True
404,404,False
405,405,True
406,406,False
407,407,False
408,408,True
409,409,False
410,410,False
411,411,False
412,412,False
413,413,False
414,414,False
415,415,False
416,416,True
417,417,True
418,418,False
419,419,False
420,420,True
421,421,True
422,422,True
423,423,True
424,424,False
425,425,True
426,426,False
427,427,False
428,428,True
429,429,True
430,430,False
431,431,False
432,432,True
433,433,True
434,434,False
435,435,True
436,436,False
437,437,True
438,438,False
439,439,True
440,440,True
441,441,True
442,442,False
443,443,False
444,444,True
445,445,True
446,446,True
447,447,True
448,448,True
449,449,True
450,450,False
451,451,False
452,452,True
453,453,False
454,454,True
455,455,True
456,456,True
457,457,False
458,458,False
459,459,True
460,460,True
461,461,False
462,462,False
463,463,True
464,464,True
465,465,False
466,466,True
467,467,False
468,468,False
469,469,False
470,470,False
471,471,False
472,472,False
473,473,True
474,474,True
475,475,True
476,476,False
477,477,False
478,478,False
479,479,True
480,480,False
481,481,False
482,482,True
483,483,False
484,484,False
485,485,False
486,486,False
487,487,False
488,488,True
489,489,True
490,490,False
491,491,False
492,492,False
493,493,False
494,494,False
495,495,True
496,496,True
497,497,True
498,498,True
499,499,False
500,500,False
501,501,True
502,502,True
503,503,False
504,504,False
505,505,False
506,506,True
507,507,False
508,508,False
509,509,True
510,510,True
511,511,False
512,512,False
513,513,False
514,514,False
515,515,True
516,516,True
517,517,False
518,518,True
519,519,False
520,520,True
521,521,False
522,522,False
523,523,True
524,524,False
525,525,True
526,526,True
527,527,False
528,528,True
529,529,True
530,530,False
531,531,True
532,532,True
533,533,True
534,534,True
535,535,True
536,536,False
537,537,False
538,538,True
539,539,True
540,540,True
541,541,False
542,542,False
543,543,False
544,544,False
545,545,True
546,546,False
547,547,False
548,548,False
549,549,True
550,550,False
551,551,True
552,552,True
553,553,False
554,554,True
555,555,True
556,556,False
557,557,True
558,558,True
559,559,False
560,560,False
561,561,False
562,562,True
563,563,False
564,564,False
565,565,True
566,566,True
567,567,False
568,568,True
569,569,True
570,570,True
571,571,True
572,572,True
573,573,True
574,574,False
575,575,False
576,576,False
577,577,False
578,578,True
579,579,False
580,580,False
581,581,True
582,582,True
583,583,False
584,584,True
585,585,True
586,586,True
587,587,False
588,588,False
589,589,True
590,590,True
591,591,False
592,592,True
593,593,True
594,594,True
595,595,True
596,596,True
597,597,False
598,598,True
599,599,True
600,600,False
601,601,False
602,602,True
603,603,True
604,604,False
605,605,True
606,606,False
607,607,False
608,608,True
609,609,True
610,610,False
611,611,True
612,612,False
613,613,False
614,614,True
615,615,True
616,616,False
617,617,True
618,618,True
619,619,True
620,620,True
621,621,False
622,622,True
623,623,True
624,624,True
625,625,False
626,626,True
627,627,False
628,628,True
629,629,True
630,630,True
631,631,False
632,632,False
633,633,True
634,634,True
635,635,False
636,636,True
637,637,True
638,638,False
639,639,False
640,640,False
641,641,False
642,642,False
643,643,True
644,644,True
645,645,False
646,646,True
647,647,True
648,648,False
649,649,False
650,650,False
651,651,False
652,652,True
653,653,False
654,654,True
655,655,True
656,656,False
657,657,False
658,658,True
659,659,True
660,660,False
661,661,True
662,662,True
663,663,True
664,664,True
665,665,False
666,666,False
667,667,False
668,668,False
669,669,False
670,670,False
671,671,False
672,672,True
673,673,True
674,674,True
675,675,False
676,676,True
677,677,False
678,678,True
679,679,False
680,680,True
681,681,True
682,682,True
683,683,False
684,684,True
685,685,False
686,686,True
687,687,False
688,688,True
689,689,False
690,690,True
691,691,True
692,692,False
693,693,True
694,694,False
695,695,True
696,696,True
697,697,False
698,698,True
699,699,True
700,700,False
701,701,False
702,702,False
703,703,True
704,704,False
705,705,False
706,706,False
707,707,False
708,708,True
709,709,True
710,710,False
711,711,True
712,712,False
713,713,False
714,714,False
715,715,False
716,716,False
717,717,True
718,718,True
719,719,False
720,720,False
721,721,False
722,722,True
723,723,True
724,724,True
725,725,False
726,726,True
727,727,True
728,728,False
729,729,False
730,730,True
731,731,True
732,732,False
733,733,False
734,734,False
735,735,False
736,736,True
737,737,True
738,738,True
739,739,True
740,740,True
741,741,False
742,742,False
743,743,False
744,744,False
745,745,True
746,746,True
747,747,True
748,748,False
749,749,True
750,750,True
751,751,False
752,752,True
753,753,False
754,754,True
755,755,True
756,756,True
757,757,True
758,758,True
759,759,True
760,760,False
761,761,True
762,762,False
763,763,True
764,764,True
765,765,True
766,766,False
767,767,False
768,768,False
769,769,False
770,770,True
771,771,True
772,772,True
773,773,False
774,774,False
775,775,True
776,776,True
777,777,False
778,778,True
779,779,False
780,780,False
781,781,False
782,782,False
783,783,False
784,784,False
785,785,True
786,786,False
787,787,False
788,788,True
789,789,True
790,790,True
791,791,False
792,792,False
793,793,True
794,794,True
795,795,True
796,796,True
797,797,True
798,798,False
799,799,True
800,800,False
801,801,False
802,802,True
803,803,True
804,804,False
805,805,False
806,806,True
807,807,False
808,808,False
809,809,False
810,810,True
811,811,True
812,812,False
813,813,True
814,814,False
815,815,False
816,816,True
817,817,True
818,818,False
819,819,True
820,820,False
821,821,True
822,822,False
823,823,False
824,824,True
825,825,False
826,826,True
827,827,True
828,828,True
829,829,True
830,830,False
831,831,False
832,832,False
833,833,False
834,834,False
835,835,False
836,836,True
837,837,True
838,838,False
839,839,False
840,840,False
841,841,True
842,842,True
843,843,False
844,844,False
845,845,True
846,846,True
847,847,False
848,848,False
849,849,True
850,850,False
851,851,True
852,852,False
853,853,False
854,854,False
855,855,False
856,856,True
857,857,True
858,858,True
859,859,False
860,860,False
861,861,False
862,862,False
863,863,False
864,864,True
865,865,True
866,866,False
867,867,False
868,868,False
869,869,True
870,870,False
871,871,False
872,872,False
873,873,False
874,874,False
875,875,True
876,876,False
877,877,True
878,878,False
879,879,True
880,880,False
881,881,True
882,882,False
883,883,True
884,884,False
885,885,True
886,886,False
887,887,True
888,888,False
889,889,False
890,890,True
891,891,False
892,892,True
893,893,False
894,894,False
895,895,False
896,896,False
897,897,False
898,898,True
899,899,True
900,900,True
901,901,True
902,902,True
903,903,True
904,904,True
905,905,False
906,906,True
907,907,False
908,908,True
909,909,False
910,910,True
911,911,False
912,912,True
913,913,True
914,914,True
915,915,True
916,916,False
917,917,False
918,918,True
919,919,False
920,920,False
921,921,True
922,922,False
923,923,False
924,924,True
925,925,True
926,926,True
927,927,True
928,928,True
929,929,False
930,930,False
931,931,False
932,932,True
933,933,True
934,934,False
935,935,False
936,936,True
937,937,False
938,938,True
939,939,True
940,940,True
941,941,False
942,942,False
943,943,False
944,944,True
945,945,False
946,946,True
947,947,False
948,948,True
949,949,False
950,950,True
951,951,True
952,952,False
953,953,True
954,954,False
955,955,True
956,956,True
957,957,False
958,958,False
959,959,True
960,960,False
961,961,False
962,962,True
963,963,True
964,964,True
965,965,True
966,966,True
967,967,False
968,968,False
969,969,True
970,970,False
971,971,False
972,972,True
973,973,False
974,974,True
975,975,False
976,976,False
977,977,False
978,978,False
979,979,True
980,980,True
981,981,False
982,982,True
983,983,True
984,984,False
985,985,True
986,986,False
987,987,True
988,988,False
989,989,False
990,990,True
991,991,True
992,992,False
993,993,False
994,994,True
995,995,True
996,996,True
997,997,True
998,998,True
999,999,True
1000,1000,False
