log_id,ticket_id,duration_sec
1,240,389
2,293,1096
3,277,1046
4,464,1028
5,312,97
6,108,891
7,131,1038
8,176,1074
9,348,455
10,411,154
11,467,634
12,363,614
13,251,68
14,102,102
15,54,320
16,219,1191
17,158,213
18,468,412
19,87,874
20,448,651
21,372,215
22,79,154
23,77,1006
24,18,525
25,43,84
26,73,297
27,490,711
28,179,949
29,266,697
30,321,953
31,492,562
32,46,1117
33,410,424
34,363,326
35,219,874
36,164,1187
37,482,90
38,225,931
39,181,620
40,135,842
41,291,942
42,285,940
43,198,317
44,223,567
45,230,1121
46,293,277
47,493,804
48,288,140
49,103,629
50,202,1186
51,439,910
52,256,1178
53,146,99
54,254,483
55,58,458
56,317,84
57,176,154
58,305,635
59,468,845
60,413,459
61,135,588
62,347,129
63,87,739
64,124,364
65,169,922
66,433,673
67,226,894
68,467,228
69,389,135
70,64,191
71,94,975
72,22,295
73,436,366
74,155,895
75,121,1085
76,344,115
77,334,615
78,52,1141
79,200,985
80,426,244
81,101,1108
82,103,302
83,64,645
84,450,1132
85,48,107
86,289,314
87,350,633
88,386,604
89,118,1002
90,290,544
91,462,457
92,4,328
93,212,214
94,80,519
95,453,717
96,434,138
97,434,970
98,162,768
99,48,686
100,456,928
101,210,1171
102,99,463
103,190,99
104,357,870
105,30,709
106,95,164
107,399,175
108,280,780
109,423,422
110,21,534
111,7,695
112,300,708
113,6,366
114,249,946
115,226,885
116,92,1019
117,300,63
118,369,627
119,384,253
120,259,608
121,1,666
122,40,90
123,453,260
124,485,693
125,238,959
126,313,1181
127,425,987
128,95,351
129,190,1099
130,478,476
131,440,846
132,179,1137
133,347,589
134,390,359
135,307,631
136,87,789
137,291,1160
138,288,297
139,411,292
140,326,1161
141,489,798
142,430,959
143,393,103
144,19,576
145,396,1041
146,22,267
147,79,840
148,39,1126
149,473,324
150,27,192
151,278,690
152,79,693
153,56,761
154,174,566
155,42,890
156,337,619
157,92,1089
158,336,255
159,26,1113
160,119,466
161,182,106
162,294,660
163,381,352
164,115,298
165,94,535
166,298,260
167,275,1159
168,96,278
169,395,1182
170,359,665
171,495,68
172,39,404
173,213,1150
174,434,183
175,55,239
176,242,139
177,398,1039
178,409,374
179,65,75
180,179,285
181,227,565
182,359,1176
183,404,390
184,243,645
185,199,796
186,234,311
187,256,116
188,215,476
189,197,140
190,152,288
191,277,1028
192,303,1168
193,227,376
194,320,784
195,28,703
196,51,565
197,208,832
198,191,250
199,172,666
200,500,359
201,13,628
202,486,834
203,433,712
204,253,1123
205,225,316
206,480,547
207,312,607
208,463,628
209,498,376
210,488,1035
211,343,702
212,123,229
213,47,1049
214,343,953
215,264,1097
216,88,971
217,355,1163
218,249,1018
219,110,792
220,326,644
221,247,921
222,445,846
223,168,920
224,28,242
225,355,610
226,135,297
227,345,936
228,85,303
229,122,135
230,349,1102
231,115,1044
232,258,987
233,258,88
234,370,1119
235,30,539
236,482,446
237,66,1195
238,428,1089
239,310,322
240,153,1001
241,435,184
242,294,151
243,39,475
244,201,98
245,347,479
246,39,683
247,357,455
248,269,705
249,235,699
250,486,1079
251,303,991
252,397,845
253,412,629
254,323,851
255,374,317
256,42,842
257,469,396
258,96,195
259,441,240
260,245,175
261,147,774
262,383,537
263,89,122
264,252,1162
265,69,655
266,15,640
267,282,82
268,466,1054
269,157,971
270,247,602
271,413,907
272,110,1026
273,99,85
274,331,505
275,306,395
276,88,509
277,66,648
278,244,865
279,40,403
280,484,484
281,383,644
282,469,799
283,458,217
284,289,847
285,403,967
286,248,400
287,350,134
288,154,789
289,230,991
290,13,1009
291,452,990
292,371,198
293,193,1147
294,186,420
295,42,688
296,252,1165
297,92,830
298,5,1113
299,139,218
300,232,546
301,426,1051
302,255,1041
303,438,922
304,374,313
305,256,799
306,361,351
307,255,287
308,407,435
309,206,1192
310,183,1187
311,130,718
312,168,153
313,4,83
314,90,1066
315,64,409
316,188,859
317,61,314
318,426,513
319,382,322
320,193,572
321,358,525
322,490,842
323,396,856
324,24,679
325,373,789
326,97,61
327,196,97
328,317,905
329,457,923
330,441,645
331,262,405
332,257,139
333,8,565
334,162,63
335,159,792
336,295,985
337,300,1085
338,220,199
339,378,978
340,321,773
341,471,1127
342,15,1085
343,376,293
344,49,459
345,411,584
346,265,993
347,122,963
348,329,1087
349,469,86
350,63,391
351,468,80
352,488,664
353,242,1083
354,443,127
355,302,1198
356,173,1155
357,163,1084
358,121,929
359,472,663
360,225,914
361,67,242
362,353,93
363,351,1070
364,493,1055
365,299,355
366,184,831
367,412,709
368,376,669
369,303,783
370,470,623
371,414,847
372,199,231
373,209,1191
374,395,861
375,313,903
376,276,879
377,441,102
378,282,778
379,279,423
380,36,409
381,48,1069
382,316,88
383,306,168
384,60,1054
385,367,475
386,321,199
387,137,1096
388,445,434
389,340,671
390,233,923
391,163,435
392,353,1123
393,213,447
394,270,736
395,37,624
396,267,343
397,226,1050
398,303,1018
399,460,856
400,347,195
401,4,185
402,283,225
403,183,1161
404,199,140
405,364,885
406,5,362
407,73,959
408,290,732
409,58,313
410,355,1007
411,438,636
412,67,822
413,430,1035
414,231,1103
415,5,201
416,13,121
417,123,633
418,496,908
419,450,222
420,421,83
421,346,353
422,111,1167
423,391,755
424,191,725
425,330,429
426,287,729
427,367,239
428,174,631
429,12,694
430,459,448
431,247,238
432,174,202
433,156,535
434,120,897
435,388,119
436,495,353
437,65,1124
438,63,1017
439,285,562
440,274,766
441,267,884
442,299,215
443,395,386
444,370,1113
445,191,283
446,238,185
447,440,1195
448,368,1132
449,240,816
450,430,89
451,136,1107
452,5,838
453,474,1101
454,252,999
455,75,484
456,244,402
457,364,891
458,361,313
459,438,642
460,337,422
461,248,722
462,211,1036
463,328,521
464,145,60
465,216,953
466,159,485
467,369,329
468,221,540
469,8,1032
470,141,555
471,214,213
472,393,1064
473,226,453
474,402,335
475,21,1175
476,149,83
477,37,388
478,409,690
479,76,150
480,120,276
481,296,979
482,55,1189
483,66,856
484,116,735
485,472,348
486,141,1047
487,419,1048
488,19,485
489,67,557
490,478,946
491,143,464
492,430,146
493,225,906
494,453,476
495,471,676
496,450,103
497,65,517
498,1,891
499,203,706
500,194,1054
501,138,136
502,426,686
503,96,541
504,164,386
505,314,798
506,320,147
507,244,910
508,57,225
509,81,911
510,147,558
511,212,1035
512,251,1111
513,408,486
514,6,238
515,124,521
516,176,749
517,261,312
518,31,304
519,202,152
520,108,1136
521,409,174
522,166,818
523,316,1197
524,33,687
525,8,563
526,150,401
527,393,277
528,52,667
529,395,583
530,91,352
531,337,976
532,87,1095
533,357,91
534,235,766
535,444,948
536,304,823
537,28,435
538,276,993
539,319,863
540,84,626
541,422,364
542,368,822
543,135,854
544,124,128
545,342,1191
546,436,999
547,148,629
548,30,167
549,154,214
550,364,1145
551,498,680
552,260,494
553,299,244
554,478,927
555,328,388
556,322,747
557,227,1118
558,16,152
559,472,434
560,432,485
561,462,1129
562,298,704
563,67,689
564,266,541
565,331,229
566,108,563
567,141,917
568,491,333
569,383,488
570,486,1180
571,173,578
572,79,616
573,439,406
574,14,1159
575,167,823
576,105,133
577,66,172
578,288,702
579,8,79
580,258,438
581,50,231
582,355,367
583,216,880
584,384,1150
585,201,823
586,141,100
587,233,626
588,320,111
589,6,770
590,185,91
591,202,162
592,48,596
593,443,725
594,332,349
595,41,295
596,160,1137
597,458,201
598,253,571
599,499,92
600,162,872
601,358,896
602,348,940
603,410,835
604,158,1145
605,51,245
606,471,375
607,298,1159
608,367,88
609,222,297
610,78,218
611,267,1138
612,460,288
613,426,214
614,364,152
615,322,231
616,98,148
617,399,425
618,305,749
619,421,204
620,283,715
621,379,1098
622,49,1041
623,345,1141
624,135,428
625,241,150
626,453,642
627,482,627
628,49,97
629,131,458
630,426,670
631,23,189
632,445,837
633,185,516
634,118,474
635,255,534
636,367,830
637,58,193
638,205,893
639,99,879
640,422,965
641,275,396
642,344,995
643,162,291
644,429,610
645,188,172
646,467,157
647,383,146
648,90,199
649,109,1047
650,155,547
651,43,1147
652,380,149
653,166,996
654,420,852
655,143,592
656,335,143
657,409,1062
658,373,201
659,484,481
660,243,763
661,270,1157
662,374,1022
663,236,593
664,279,406
665,170,518
666,105,1103
667,118,641
668,474,1192
669,456,435
670,244,82
671,97,713
672,104,995
673,192,1147
674,328,406
675,129,481
676,471,677
677,182,120
678,75,1074
679,428,826
680,31,928
681,42,298
682,274,895
683,201,1130
684,16,283
685,47,562
686,20,765
687,82,356
688,35,370
689,184,711
690,50,874
691,477,805
692,61,598
693,206,906
694,320,375
695,250,925
696,97,337
697,460,754
698,334,549
699,350,495
700,39,619
701,481,575
702,234,529
703,334,974
704,253,888
705,437,691
706,158,181
707,189,1142
708,248,270
709,291,928
710,367,1167
711,164,261
712,474,620
713,95,657
714,38,774
715,118,579
716,269,444
717,423,218
718,34,62
719,212,523
720,178,607
721,112,672
722,136,970
723,353,350
724,426,719
725,457,453
726,176,1110
727,82,486
728,424,1043
729,176,381
730,171,1057
731,54,730
732,201,319
733,429,186
734,273,1172
735,364,383
736,324,555
737,355,666
738,121,164
739,288,322
740,470,1097
741,88,474
742,270,716
743,391,105
744,348,897
745,297,140
746,51,1136
747,103,314
748,42,550
749,307,575
750,215,243
751,340,883
752,176,1023
753,261,782
754,466,305
755,354,372
756,172,663
757,468,129
758,292,402
759,369,752
760,154,1192
761,254,673
762,292,951
763,190,431
764,422,320
765,437,659
766,486,369
767,263,1135
768,194,660
769,56,332
770,473,308
771,378,233
772,221,1026
773,152,903
774,391,660
775,159,699
776,347,1199
777,9,389
778,426,553
779,394,582
780,339,939
781,177,977
782,165,1111
783,161,1074
784,480,808
785,210,619
786,301,709
787,262,956
788,238,1131
789,332,929
790,469,884
791,318,930
792,42,1071
793,262,1112
794,82,617
795,497,179
796,286,595
797,7,751
798,477,840
799,342,836
800,58,1083
