customer_id,demo_id,address_id,name,join_date
1,1,1,Jonathon Nguyen,2025-01-28
2,2,2,Michael Peterson,2022-05-13
3,3,3,Lisa Johnson,2024-08-20
4,4,4,Gary Morgan,2025-04-24
5,5,5,Sydney Robles,2025-09-21
6,6,6,Karen Burton,2022-07-12
7,7,7,Kimberly Rogers,2024-12-11
8,8,8,Jennifer Newton,2024-03-04
9,9,9,Elizabeth Hardy,2023-05-02
10,10,10,Joshua Clark,2022-11-21
11,11,11,Rebecca Barron,2026-02-04
12,12,12,Wayne Ramirez,2026-07-15
13,13,13,William Sims,2025-12-18
14,14,14,Laura Price,2021-12-10
15,15,15,Sharon Walton,2022-10-05
16,16,16,Emily Johnson,2025-11-27
17,17,17,Jonathan Young,2022-05-31
18,18,18,Trevor Robinson,2024-03-27
19,19,19,Brian Glover,2026-05-04
20,20,20,Susan Wallace,2025-08-23
21,21,21,John Porter,2023-02-07
22,22,22,Thomas Oconnor,2025-06-20
23,23,23,Patricia Thomas,2022-08-28
24,24,24,Samantha Hurley,2025-10-10
25,25,25,Brandi Hardy,2026-04-09
26,26,26,Miguel Boyd,2023-09-21
27,27,27,Timothy Mcdaniel,2023-09-29
28,28,28,Anita Owens,2023-06-22
29,29,29,Joseph Hopkins,2023-02-14
30,30,30,Kenneth Collins,2022-06-07
31,31,31,Erica Lee,2022-07-27
32,32,32,Francis Alexander,2025-05-16
33,33,33,Chase Hill,2021-12-02
34,34,34,Marcus Palmer,2023-01-13
35,35,35,Gregory Flores,2024-06-13
36,36,36,Michael Campbell,2024-12-07
37,37,37,Benjamin Austin,2024-01-22
38,38,38,Jeremy Anderson,2023-07-19
39,39,39,Michael Rodriguez,2023-11-12
40,40,40,Jeffery White,2025-09-21
41,41,41,Leslie Huff,2022-09-20
42,42,42,Lisa Edwards,2022-10-29
43,43,43,Michelle Lambert,2026-03-21
44,44,44,Valerie Campos,2025-11-09
45,45,45,Carlos Hess,2022-06-10
46,46,46,Julie Bryant,2024-07-02
47,47,47,Michelle Marshall,2023-07-30
48,48,48,Danny Callahan,2026-07-28
49,49,49,Susan Myers,2022-03-22
50,50,50,Mary Mccormick,2024-08-04
51,51,51,Jody Johnson,2024-11-17
52,52,52,Gregory Murray,2024-12-01
53,53,53,Randy Munoz,2026-06-14
54,54,54,Brian Roth,2025-05-22
55,55,55,Erika Banks,2023-08-29
56,56,56,Kim Morales,2023-07-29
57,57,57,Marc Kelley,2023-11-16
58,58,58,Janet Peterson,2022-08-28
59,59,59,Leslie Mueller,2024-02-24
60,60,60,Richard Stephens,2022-06-02
61,61,61,Matthew Miller,2022-08-15
62,62,62,Laura Tucker,2022-06-06
63,63,63,Julie Peters,2024-07-26
64,64,64,Casey Blanchard,2023-04-10
65,65,65,Brian Cervantes,2022-08-29
66,66,66,Jamie Snyder,2026-07-18
67,67,67,Ann Montoya,2024-10-19
68,68,68,Stephanie Fields,2022-10-03
69,69,69,Charles Hernandez,2024-05-03
70,70,70,Jean Lane,2024-11-27
71,71,71,Michael Stewart,2026-07-31
72,72,72,Susan Torres,2021-09-08
73,73,73,Jessica Haas,2024-04-25
74,74,74,Brandon Smith,2022-03-14
75,75,75,Mrs. Bethany Phillips,2026-03-25
76,76,76,Joshua Brown,2023-04-15
77,77,77,Samantha Howard,2024-12-21
78,78,78,Sharon Young,2025-04-11
79,79,79,Jennifer Flores,2024-05-23
80,80,80,James Gardner,2024-10-11
81,81,81,Karen Lopez,2022-09-30
82,82,82,Tim Larsen,2026-02-03
83,83,83,Zachary Santiago,2023-07-25
84,84,84,Benjamin Smith,2022-07-31
85,85,85,Katelyn Kim,2025-01-13
86,86,86,Angela May MD,2021-10-01
87,87,87,Richard Munoz,2026-04-02
88,88,88,Christopher Hicks,2025-08-04
89,89,89,Joanna Kelly,2024-05-11
90,90,90,Larry Lane,2022-11-26
91,91,91,Cynthia Shaw,2024-03-13
92,92,92,Joshua Richardson,2023-07-15
93,93,93,Laura Bush,2025-12-03
94,94,94,John Vaughn,2025-07-20
95,95,95,Nicholas Terrell,2022-12-05
96,96,96,Dr. Julie Miller,2024-01-31
97,97,97,Ann Kennedy,2022-11-30
98,98,98,Toni Miller,2021-12-18
99,99,99,Rebecca Edwards,2024-05-24
100,100,100,Greg Osborne,2024-04-19
101,101,101,Jose Harrison,2025-12-11
102,102,102,Jennifer Yu,2022-09-21
103,103,103,Donna Johnson,2023-12-31
104,104,104,Nicole Acosta,2026-07-22
105,105,105,Amy Kennedy,2025-09-27
106,106,106,Anthony Mooney,2023-07-05
107,107,107,Lori Mitchell,2025-11-18
108,108,108,Jonathan York,2024-02-25
109,109,109,Casey Campbell,2024-11-16
110,110,110,Alexis Rodriguez,2022-03-04
111,111,111,Kevin Hernandez,2024-07-04
112,112,112,Robert Green,2022-12-21
113,113,113,Kari Lloyd,2023-06-19
114,114,114,Grace Miller,2023-08-03
115,115,115,Timothy Moore,2022-02-13
116,116,116,Wyatt Townsend II,2023-03-13
117,117,117,Mark Clark,2025-10-26
118,118,118,Haley May,2025-01-02
119,119,119,Audrey Jackson,2024-03-20
120,120,120,Eric Reese,2023-01-10
121,121,121,Kim James,2021-11-09
122,122,122,Karen Thomas,2026-05-02
123,123,123,Alexandra Ho,2025-01-03
124,124,124,Michael Nixon,2024-07-17
125,125,125,Amanda Hardin,2025-04-07
126,126,126,Tina Reynolds,2025-09-12
127,127,127,Shannon Rogers,2024-08-20
128,128,128,Brett Pena,2024-12-31
129,129,129,Raymond Curry,2024-12-30
130,130,130,Leah Lee,2022-04-14
131,131,131,Michael White,2026-02-28
132,132,132,Megan Decker,2024-01-30
133,133,133,Brent Garcia,2024-01-28
134,134,134,Daniel Campbell,2023-05-02
135,135,135,Alexander Davis,2026-05-02
136,136,136,Mary Houston,2025-01-08
137,137,137,Margaret Erickson,2022-07-02
138,138,138,Scott Anderson,2022-10-14
139,139,139,Stephanie Knight,2024-06-03
140,140,140,Stephanie Dominguez,2026-08-11
141,141,141,John Mayer,2022-02-18
142,142,142,Tammy Hill,2024-04-04
143,143,143,Steven Carrillo,2025-07-25
144,144,144,Christopher Jones,2023-01-24
145,145,145,Janet Cook,2026-08-01
146,146,146,Tyler Baker,2022-11-04
147,147,147,John Mcfarland,2025-06-06
148,148,148,Cassandra Vasquez,2025-10-10
149,149,149,Randy Robinson,2024-02-24
150,150,150,Susan Baldwin,2022-11-26
151,151,151,Benjamin Duncan,2023-06-16
152,152,152,Jeremy Mosley,2023-07-12
153,153,153,Martin Fitzpatrick,2023-05-03
154,154,154,Deborah Graves,2021-10-01
155,155,155,Laura Robertson,2024-10-02
156,156,156,Katherine Graham,2026-07-27
157,157,157,Priscilla Floyd,2022-07-16
158,158,158,April Finley,2022-12-05
159,159,159,Karen Bradley,2024-11-15
160,160,160,Heather Maldonado,2025-04-21
161,161,161,Mark Benjamin,2023-02-07
162,162,162,Joseph Woodward,2022-02-25
163,163,163,Joe Miranda,2022-06-28
164,164,164,Cassandra Williams,2024-09-11
165,165,165,Connor Dominguez,2025-09-14
166,166,166,Lydia Howard,2023-03-15
167,167,167,Mark Moss,2022-02-13
168,168,168,Corey Cortez,2022-09-02
169,169,169,Katherine Brown,2026-01-21
170,170,170,Elizabeth Ferguson,2024-07-20
171,171,171,Joann Forbes,2025-05-12
172,172,172,Anthony French,2022-12-08
173,173,173,Bruce Roman,2025-02-09
174,174,174,Judy Gregory,2023-10-04
175,175,175,Brittany Riley,2021-12-17
176,176,176,Amanda Thomas,2022-09-07
177,177,177,Kaitlin Hardin,2023-09-21
178,178,178,Michael Anderson,2025-01-17
179,179,179,Anthony Parker,2025-10-30
180,180,180,Joy Jackson,2024-03-31
181,181,181,Sabrina Rodriguez,2023-02-20
182,182,182,Robert Walker PhD,2024-11-12
183,183,183,Robert Hendrix,2022-06-08
184,184,184,Erika Daugherty,2025-08-13
185,185,185,Brenda Copeland,2024-12-03
186,186,186,Pamela Watkins,2024-01-06
187,187,187,Bryan Thomas,2025-06-16
188,188,188,Michael Tran,2024-10-18
189,189,189,Timothy Williams,2021-10-09
190,190,190,Ryan Salazar,2022-09-10
191,191,191,Alexis Tucker,2022-08-31
192,192,192,Christopher Davis,2022-05-17
193,193,193,Stacie Butler,2022-09-17
194,194,194,Patricia Schwartz,2025-10-31
195,195,195,Mark Mills,2026-01-03
196,196,196,Todd Bishop,2023-08-02
197,197,197,Christopher Porter,2021-11-13
198,198,198,Lori Patton,2026-08-31
199,199,199,Aaron Young,2026-07-19
200,200,200,Joseph Davis,2026-07-18
201,201,201,Philip Fernandez,2025-10-01
202,202,202,Randy Hopkins,2024-01-01
203,203,203,Cory Hogan,2022-06-23
204,204,204,Tracy Wells,2023-03-19
205,205,205,Michael Williams,2024-12-08
206,206,206,Dominique Hamilton,2025-10-16
207,207,207,Robert Chang,2025-05-12
208,208,208,Patrick Buckley,2024-03-17
209,209,209,Richard Washington,2026-07-14
210,210,210,Steven Griffith,2022-09-27
211,211,211,Erika Gonzalez,2022-07-08
212,212,212,Erika Maxwell,2024-06-09
213,213,213,Brent Rojas,2022-03-19
214,214,214,Jaime Walker,2026-03-30
215,215,215,John Zamora,2023-03-31
216,216,216,Timothy Gibson,2025-02-13
217,217,217,Chad Cortez,2021-11-03
218,218,218,Vanessa Harris,2025-01-08
219,219,219,Michael Brown,2026-05-27
220,220,220,Samuel Ellis,2026-03-27
221,221,221,Greg Tanner,2026-03-07
222,222,222,Rachel Little,2025-10-29
223,223,223,Carolyn Cordova,2022-03-20
224,224,224,Angelica Vincent,2026-02-01
225,225,225,Zachary Vargas PhD,2026-08-24
226,226,226,Nicholas Fitzgerald,2026-04-04
227,227,227,Garrett Riley,2022-09-23
228,228,228,Leslie Hernandez,2023-06-09
229,229,229,Abigail Baird,2022-09-02
230,230,230,John Mack,2023-03-18
231,231,231,Joseph Mendoza,2023-03-16
232,232,232,Samantha Chavez,2021-09-19
233,233,233,Justin Smith,2026-05-23
234,234,234,Tiffany Anderson,2025-06-23
235,235,235,Matthew Davis,2024-05-06
236,236,236,Eric Warner,2022-09-20
237,237,237,Nicole Johnson,2022-01-02
238,238,238,Raymond Sawyer,2022-10-08
239,239,239,Richard Wood,2026-07-25
240,240,240,Mark Dalton,2023-06-05
241,241,241,Steven Cook,2023-01-16
242,242,242,Jeffery Nelson,2022-06-02
243,243,243,Kimberly Norton,2026-06-16
244,244,244,Angela Gilmore,2023-11-09
245,245,245,Amy Dougherty,2021-12-20
246,246,246,Stacy Rodriguez,2022-05-23
247,247,247,Manuel Diaz,2022-09-25
248,248,248,Justin Jones,2025-12-23
249,249,249,Christine Zavala,2024-03-18
250,250,250,Brian Mendoza,2024-10-06
251,251,251,Lauren Haley,2026-04-21
252,252,252,Patrick Perez,2023-02-18
253,253,253,Derek Frazier,2025-04-09
254,254,254,Arthur Reed,2021-09-03
255,255,255,Mr. Bryan Mckinney,2023-10-14
256,256,256,Kim Carter,2024-03-24
257,257,257,Rebecca Dougherty,2022-01-24
258,258,258,Teresa Jones,2026-02-02
259,259,259,Judith Miller,2024-03-02
260,260,260,Donna Frye,2026-03-20
261,261,261,Donald Terry,2025-06-16
262,262,262,Shaun Meyer DDS,2022-11-11
263,263,263,Wayne Weaver,2026-07-31
264,264,264,Gregory Wallace,2025-11-04
265,265,265,Dorothy Brown,2024-05-02
266,266,266,Crystal Meza,2026-02-12
267,267,267,Jennifer Cooper,2024-08-31
268,268,268,Erin Watkins,2026-04-02
269,269,269,Sarah Wallace,2026-01-06
270,270,270,Carlos Clarke,2023-06-16
271,271,271,David Washington,2022-07-07
272,272,272,Patricia Williams,2022-01-19
273,273,273,Jesus Jackson,2023-09-09
274,274,274,Michelle Mitchell,2021-12-26
275,275,275,Sara Schwartz,2023-04-10
276,276,276,Brittany Young,2022-11-17
277,277,277,Eugene Martinez,2024-03-22
278,278,278,Cody Hart,2023-07-03
279,279,279,Evan Cooper,2022-10-24
280,280,280,Joshua Martin,2026-05-15
281,281,281,Thomas Sullivan,2023-07-06
282,282,282,Mr. Jimmy Flores Jr.,2024-09-22
283,283,283,Vanessa Rivera,2024-01-12
284,284,284,Kara Roberts,2022-10-07
285,285,285,Veronica Berry,2025-04-06
286,286,286,Keith Meadows,2022-04-22
287,287,287,Michael Dennis,2026-05-08
288,288,288,Brenda Pierce,2023-11-04
289,289,289,James Randall,2023-11-21
290,290,290,Brandon Brown,2024-12-02
291,291,291,Lauren Walker,2023-01-23
292,292,292,Diana Johnson,2025-01-27
293,293,293,Jill Powers,2025-07-20
294,294,294,Jorge Lee,2022-05-19
295,295,295,Larry Harding,2023-11-01
296,296,296,Heather Hernandez,2025-04-16
297,297,297,Jaclyn Watson,2022-11-22
298,298,298,Gregory Madden,2026-03-25
299,299,299,Anita Luna,2023-05-29
300,300,300,Willie Lara,2022-04-10
301,301,301,Robert Waller,2023-12-18
302,302,302,Steven Taylor,2023-04-24
303,303,303,Angelica Clark,2024-11-02
304,304,304,Sean Hatfield,2026-06-20
305,305,305,Tyler Avila,2026-01-08
306,306,306,Jason Rocha,2023-01-25
307,307,307,Justin Page,2025-03-29
308,308,308,Breanna Lopez,2022-12-23
309,309,309,Julian Williams,2024-05-12
310,310,310,Sandra Torres,2025-05-12
311,311,311,Julie Johnson,2024-11-23
312,312,312,Dennis Blanchard,2021-11-22
313,313,313,Kaitlyn Valdez,2023-10-11
314,314,314,Jennifer Vasquez,2022-05-01
315,315,315,Danielle Wilson,2023-12-21
316,316,316,Zachary Jones,2022-09-25
317,317,317,Lauren Cunningham,2026-03-12
318,318,318,Lori Alvarez,2022-08-10
319,319,319,Barbara Hunt,2026-05-03
320,320,320,Sarah Martin,2025-02-17
321,321,321,Francisco Johns,2022-03-26
322,322,322,Christopher Nelson,2024-06-22
323,323,323,Thomas Kelly,2022-06-06
324,324,324,Joseph Mayer,2024-10-04
325,325,325,Pamela White,2024-07-05
326,326,326,Paul Stephens,2023-12-30
327,327,327,Samantha Cohen,2022-12-01
328,328,328,Michael Barker,2023-08-05
329,329,329,Kevin Morrow,2024-01-01
330,330,330,Joseph Watson,2021-10-03
331,331,331,Mr. Thomas Garcia,2022-07-04
332,332,332,Daniel Lopez,2024-11-17
333,333,333,Lisa Guerra,2023-07-25
334,334,334,Kim Arnold,2024-11-22
335,335,335,Ashley Stevens,2022-07-26
336,336,336,Robert Mclean,2022-09-21
337,337,337,Eric Cox,2023-03-02
338,338,338,Stacy Harper,2026-02-24
339,339,339,Gloria Mckinney,2024-04-12
340,340,340,Robert Walker,2025-11-02
341,341,341,Brenda Perez,2022-06-26
342,342,342,Carlos Miller,2026-03-04
343,343,343,Rachel Jones,2024-08-21
344,344,344,Nicole Williams,2026-07-16
345,345,345,Ricky Palmer,2024-01-27
346,346,346,Bryan King,2026-05-13
347,347,347,Michael Webster,2023-12-24
348,348,348,Tamara Harris,2022-07-07
349,349,349,Cathy Bell,2022-01-30
350,350,350,Ryan Mcmahon,2023-02-15
351,351,351,Hannah Martin,2024-05-17
352,352,352,Monica Allen,2024-12-26
353,353,353,Annette Lane,2023-03-18
354,354,354,Daniel Lee,2024-08-10
355,355,355,Steven Medina,2026-03-12
356,356,356,Annette Lewis,2026-05-13
357,357,357,Michelle Richardson,2025-02-04
358,358,358,Jessica Rosario,2025-09-23
359,359,359,Henry Gray,2022-10-04
360,360,360,Darren Rodriguez,2023-11-16
361,361,361,Mrs. Ashley Taylor,2021-10-02
362,362,362,Michele Hawkins,2026-01-15
363,363,363,Garrett Wilson,2022-12-30
364,364,364,Kyle Collins,2022-09-30
365,365,365,Jill Spencer,2022-11-20
366,366,366,Scott Lopez,2024-11-22
367,367,367,Ryan Alvarez,2026-07-02
368,368,368,Cassie Lutz,2023-12-12
369,369,369,Brian Kim DDS,2022-02-14
370,370,370,Charles Morales,2024-10-27
371,371,371,Ashley Schaefer,2023-10-16
372,372,372,Amy Hester,2025-03-25
373,373,373,Kurt Ewing,2025-07-26
374,374,374,Ryan Hardy,2023-03-25
375,375,375,Micheal Perkins,2025-05-28
376,376,376,Richard Schneider,2024-09-06
377,377,377,John Morrison,2025-08-29
378,378,378,John Ramirez,2025-12-11
379,379,379,Ashley King,2024-02-11
380,380,380,Mark Taylor Jr.,2024-01-07
381,381,381,Barry Gregory,2025-04-24
382,382,382,Janet Shelton,2026-02-06
383,383,383,Marco Davis,2023-08-14
384,384,384,Paul Saunders,2024-04-08
385,385,385,Christina Bates,2022-05-31
386,386,386,Dennis Cooper PhD,2024-04-09
387,387,387,Tiffany Johnson,2025-02-16
388,388,388,Thomas Reyes,2024-05-01
389,389,389,James Stevens,2022-06-10
390,390,390,Justin Dalton,2022-05-07
391,391,391,Michael Henry,2022-04-29
392,392,392,Mike Freeman,2023-09-18
393,393,393,Michael Keller,2022-06-20
394,394,394,Laura Alvarez,2023-01-28
395,395,395,Katie Myers,2026-07-26
396,396,396,Wesley Jensen MD,2022-02-28
397,397,397,Erica Johnson,2022-05-23
398,398,398,Russell Bailey,2024-02-08
399,399,399,Alyssa Vance,2026-05-21
400,400,400,Brent Reed,2025-11-12
401,401,401,Gregory Stanley,2021-10-06
402,402,402,Matthew Watkins,2025-04-12
403,403,403,Ana Torres,2025-12-31
404,404,404,Alejandro Nguyen,2022-10-31
405,405,405,Scott Bradley,2025-10-02
406,406,406,Deborah Dominguez,2025-11-27
407,407,407,Victoria Gray,2026-01-20
408,408,408,Kenneth Stokes,2026-03-15
409,409,409,Michael Rogers,2022-09-25
410,410,410,Pamela Morgan,2025-02-13
411,411,411,Heidi Graham,2021-10-16
412,412,412,Ryan Cobb PhD,2023-04-16
413,413,413,Donna Williams,2021-09-25
414,414,414,Jennifer Perez PhD,2025-04-15
415,415,415,Ryan Davis,2026-03-21
416,416,416,Austin Solis,2024-08-10
417,417,417,Daniel Flynn,2023-10-01
418,418,418,Elizabeth Brock,2026-03-01
419,419,419,Joshua Gonzalez,2022-01-12
420,420,420,Mario Chavez,2025-06-27
421,421,421,Catherine Smith,2023-02-08
422,422,422,Shari Ray,2026-02-15
423,423,423,Victor Harmon,2023-08-03
424,424,424,Timothy Patel,2023-02-28
425,425,425,Patricia Hamilton,2022-04-24
426,426,426,Lori Boyd,2024-10-17
427,427,427,Charles Hernandez,2022-10-22
428,428,428,Elizabeth Graham,2026-01-15
429,429,429,Ronald Brown,2024-09-04
430,430,430,Jason Colon,2022-02-08
431,431,431,Dawn Burke,2025-04-08
432,432,432,Brian Lee,2025-11-20
433,433,433,Ronald Marshall,2024-11-23
434,434,434,Jessica Lucas,2023-02-14
435,435,435,Christopher Taylor,2024-11-05
436,436,436,Robert Hopkins,2022-08-20
437,437,437,Samuel Stuart,2024-07-19
438,438,438,Mr. Scott Miller,2023-10-18
439,439,439,Sharon Lester,2026-04-04
440,440,440,Jack Sandoval,2022-09-04
441,441,441,Tony Ramsey,2024-02-21
442,442,442,Brian Navarro,2024-03-20
443,443,443,Kelly Calderon,2025-10-13
444,444,444,Tara King,2024-03-03
445,445,445,Cynthia Martinez,2023-12-04
446,446,446,Erin Silva,2023-06-26
447,447,447,Paul Young,2021-09-09
448,448,448,Charles Thompson,2026-07-06
449,449,449,Jessica King,2025-01-07
450,450,450,Katherine Brooks,2023-07-10
451,451,451,Emily Coleman,2024-04-07
452,452,452,Tracey Suarez,2026-01-21
453,453,453,Heidi Baldwin,2021-12-22
454,454,454,Alisha Rasmussen,2025-08-11
455,455,455,Sarah Bates,2025-10-28
456,456,456,Melissa Mccormick,2022-02-28
457,457,457,Juan Parker,2024-09-12
458,458,458,Heidi Burnett,2021-09-21
459,459,459,Sean Mathews,2025-08-03
460,460,460,Theodore Long,2024-06-19
461,461,461,Dawn Davis,2024-03-17
462,462,462,Cynthia Clark,2024-09-06
463,463,463,Sydney Welch,2022-08-01
464,464,464,Pamela Sullivan,2021-09-19
465,465,465,Sean Morrow,2024-08-24
466,466,466,Kaitlin Gutierrez,2023-04-04
467,467,467,Michelle Mcdowell,2025-02-03
468,468,468,Samantha Hale,2024-09-08
469,469,469,Heather Guzman,2021-09-30
470,470,470,Nancy Chavez,2022-07-14
471,471,471,Anthony May,2025-05-03
472,472,472,Rachel Taylor,2025-11-09
473,473,473,Mark Edwards,2023-05-09
474,474,474,Christopher Black,2022-05-24
475,475,475,Sandra Hines,2026-03-04
476,476,476,Melissa Sparks,2026-01-17
477,477,477,John Moss,2022-12-24
478,478,478,Michael Serrano,2025-03-02
479,479,479,Christina Perry,2022-09-22
480,480,480,Shawn Duffy,2025-10-26
481,481,481,Courtney Vaughan,2021-09-24
482,482,482,Maria Sims,2022-12-30
483,483,483,Valerie Gonzalez,2023-10-20
484,484,484,Caroline Morales,2023-08-06
485,485,485,David Davis,2025-09-04
486,486,486,Travis Wilson,2025-01-13
487,487,487,Jessica Mora,2024-11-08
488,488,488,Michael Wilson,2024-03-20
489,489,489,Cheryl Atkins,2024-10-09
490,490,490,Donna Snyder,2025-04-25
491,491,491,Scott Greene,2023-03-23
492,492,492,Diane Byrd MD,2026-03-27
493,493,493,Charles Roberts,2023-12-19
494,494,494,Luke Solomon,2022-08-06
495,495,495,Michael Ellis,2025-05-27
496,496,496,Casey Morris,2025-05-30
497,497,497,Melissa Reeves,2023-01-18
498,498,498,Nancy Scott,2022-11-11
499,499,499,Anthony Cook,2024-09-06
500,500,500,Terry Barajas,2025-05-13
501,501,501,Tracy George,2021-09-21
502,502,502,Amber King,2024-09-23
503,503,503,Elizabeth Foster,2023-05-12
504,504,504,Walter Hansen,2022-08-12
505,505,505,Debbie Gordon,2023-04-14
506,506,506,Sherry Anderson,2024-02-05
507,507,507,Joseph Thomas,2022-01-06
508,508,508,Andrew Anderson,2022-10-23
509,509,509,Sandy Adkins,2025-01-10
510,510,510,Diane Mcdowell,2025-04-03
511,511,511,Pam Baker,2024-06-28
512,512,512,Steven Stewart,2021-12-10
513,513,513,Pamela Hernandez DVM,2023-01-14
514,514,514,Rebecca Brown,2023-05-14
515,515,515,David Johnson,2025-10-01
516,516,516,Michael Graham,2023-12-07
517,517,517,Tammy Williams MD,2022-09-07
518,518,518,Karina Vasquez,2025-04-03
519,519,519,Sharon Martinez,2025-10-31
520,520,520,Sean White,2026-05-09
521,521,521,Jordan Nelson,2025-11-20
522,522,522,Laurie Silva,2022-10-03
523,523,523,Kelly Duncan,2024-06-08
524,524,524,Billy Tate,2025-01-27
525,525,525,Stacy Johnson,2025-12-10
526,526,526,Melanie Long,2024-12-24
527,527,527,Tiffany Hood,2022-10-16
528,528,528,Brad Rivas,2022-08-09
529,529,529,Jordan Moses,2022-08-04
530,530,530,Abigail Booker,2021-11-07
531,531,531,Tiffany Nguyen,2022-09-29
532,532,532,Morgan Bernard,2022-12-30
533,533,533,Christine Williams,2024-08-07
534,534,534,Erica Brown,2025-12-04
535,535,535,Trevor James,2021-10-15
536,536,536,Christopher Hanna,2023-09-07
537,537,537,Ann Phelps,2022-02-11
538,538,538,Richard Mitchell,2024-07-31
539,539,539,Martha Martinez,2025-04-29
540,540,540,Jeffrey Drake MD,2021-09-27
541,541,541,Bonnie Wade,2025-05-14
542,542,542,Kayla Burns,2025-10-03
543,543,543,Karen Hart,2024-02-19
544,544,544,Peter Shepherd,2024-01-27
545,545,545,Jessica Simmons,2025-10-21
546,546,546,Glenn Ford,2022-05-17
547,547,547,Michael Moore,2025-04-27
548,548,548,Mark Warren IV,2023-10-12
549,549,549,Terry Woods,2022-12-20
550,550,550,Carl Leach,2026-01-08
551,551,551,Kelly Phillips,2023-04-06
552,552,552,Billy Williams,2023-10-18
553,553,553,Jeffery Davis,2024-01-24
554,554,554,Laura King,2022-08-26
555,555,555,Brad Gordon,2023-11-30
556,556,556,Matthew White,2023-10-11
557,557,557,James Miller,2025-04-28
558,558,558,Elizabeth Matthews,2023-05-12
559,559,559,Michael Hanson,2025-09-14
560,560,560,Vincent Savage,2022-07-20
561,561,561,Cody Burgess,2025-12-11
562,562,562,Shelby Rodriguez,2023-03-19
563,563,563,Abigail Wilson,2023-04-12
564,564,564,John Holt,2022-12-09
565,565,565,Tracy Guzman,2023-08-16
566,566,566,Mr. William Ward,2022-09-12
567,567,567,Melissa Foster,2022-10-19
568,568,568,Calvin Smith,2025-01-31
569,569,569,Alan Waller,2021-12-31
570,570,570,Christine Wong,2024-01-01
571,571,571,Jessica Garrett,2023-04-23
572,572,572,Cheryl Turner,2022-12-01
573,573,573,John Johnson,2025-04-19
574,574,574,Christian Park,2021-10-27
575,575,575,Kaitlyn Heath,2023-05-16
576,576,576,Christina Hudson,2022-06-12
577,577,577,Amber Smith,2022-02-08
578,578,578,Michelle Petty,2024-11-27
579,579,579,Nancy Larson,2025-02-19
580,580,580,Donna Freeman,2026-02-20
581,581,581,Mr. Logan Gregory,2024-04-12
582,582,582,Katherine Klein,2023-08-23
583,583,583,Jennifer Stewart,2023-07-24
584,584,584,Steven Butler,2024-07-13
585,585,585,Johnny Mcmillan,2025-04-18
586,586,586,Michael Smith,2025-09-30
587,587,587,Corey Cooper,2022-03-12
588,588,588,Daniel Stout,2026-01-04
589,589,589,Lance Kirby,2025-04-21
590,590,590,Bonnie Carter,2022-02-10
591,591,591,Toni Whitaker,2024-04-05
592,592,592,Morgan Flynn,2022-08-10
593,593,593,Sarah Howell,2023-12-18
594,594,594,Paul Estrada,2024-10-06
595,595,595,Curtis Obrien,2024-01-22
596,596,596,Jason Chaney,2024-08-28
597,597,597,Daniel Williams,2025-03-24
598,598,598,Stanley Kelly,2023-10-10
599,599,599,Ronald Kline,2024-05-23
600,600,600,Arthur Jordan,2022-01-28
601,601,601,Barbara Walker,2023-03-21
602,602,602,Gerald Kelly,2022-01-08
603,603,603,Shawn Adams,2021-09-04
604,604,604,Michael Robertson,2022-02-11
605,605,605,Michelle House,2024-05-29
606,606,606,Jim Skinner,2023-06-23
607,607,607,Brian Bishop,2024-02-06
608,608,608,Theresa Colon,2025-09-08
609,609,609,Brian Soto,2024-01-21
610,610,610,Susan Moore,2022-07-13
611,611,611,Jeremy Hunter,2025-05-03
612,612,612,Annette Holland,2023-03-31
613,613,613,Chad Allison,2023-10-26
614,614,614,Jason Mack,2025-11-07
615,615,615,Robert Peterson,2024-10-06
616,616,616,Angela Watson,2024-07-07
617,617,617,Heather Ortega,2024-04-05
618,618,618,Paul Fisher,2022-08-15
619,619,619,Robert Gutierrez,2022-07-01
620,620,620,Jimmy Phelps,2021-10-15
621,621,621,Heidi Johnson,2026-05-14
622,622,622,Adam Drake,2022-10-12
623,623,623,Angela Edwards,2024-06-28
624,624,624,Mrs. Amy Malone,2024-09-27
625,625,625,Margaret Orr,2024-09-29
626,626,626,Mark Reeves,2026-03-04
627,627,627,Kelly Phillips,2024-10-31
628,628,628,Michael Spencer,2023-09-13
629,629,629,Patrick Blankenship,2024-01-08
630,630,630,Douglas Rose,2023-06-17
631,631,631,Melody Griffin,2026-08-23
632,632,632,Joshua Kramer,2024-12-09
633,633,633,Melissa Barron,2022-06-01
634,634,634,Jennifer Gonzalez,2022-07-30
635,635,635,Andrew Cook,2022-10-13
636,636,636,Natalie Martinez,2022-09-11
637,637,637,Diane Davis DDS,2022-01-08
638,638,638,Nicole Moore,2026-08-30
639,639,639,Robert Vargas,2023-04-17
640,640,640,Raymond Barber,2023-04-25
641,641,641,Mrs. Amy Watson,2025-06-18
642,642,642,Heather Williams,2022-07-06
643,643,643,Belinda Evans,2022-04-23
644,644,644,Jody Bird,2026-04-28
645,645,645,Virginia Cunningham,2024-08-03
646,646,646,Lori Ferguson,2024-03-27
647,647,647,Hayley Mitchell,2025-09-15
648,648,648,Michelle Chambers,2023-05-23
649,649,649,Kelly Wright,2026-03-18
650,650,650,Kevin Carson,2022-12-24
651,651,651,Brent Dawson,2022-01-17
652,652,652,Angela Brown,2022-10-05
653,653,653,Karen Griffin,2023-04-21
654,654,654,Joseph Chapman,2025-03-25
655,655,655,Jennifer Baker,2026-05-10
656,656,656,Mr. Jeremiah Galvan MD,2023-10-27
657,657,657,Samantha Thomas,2026-06-09
658,658,658,Michael Anderson,2024-08-17
659,659,659,Sharon Wilson,2024-10-14
660,660,660,John Francis,2025-06-27
661,661,661,Jaclyn Crane,2022-09-02
662,662,662,Jennifer Martinez,2025-05-19
663,663,663,Amanda Hernandez,2022-04-01
664,664,664,William Turner,2025-10-12
665,665,665,Dr. Charles Lawrence,2025-03-27
666,666,666,Steven Small,2026-02-16
667,667,667,Robert Burns,2025-12-16
668,668,668,Gregory Harrell,2021-11-09
669,669,669,Kenneth Knight,2023-02-03
670,670,670,Rachael Alvarez,2024-01-02
671,671,671,Lisa Gill,2022-10-08
672,672,672,Julia Cole,2024-02-19
673,673,673,Sean Nguyen,2022-01-22
674,674,674,Mary Ortiz,2026-06-28
675,675,675,James Weaver,2022-03-10
676,676,676,Stacy Fitzgerald,2023-04-16
677,677,677,Sharon Mann,2025-01-19
678,678,678,Rebecca Zimmerman,2025-11-18
679,679,679,Becky Hansen,2026-03-15
680,680,680,Luke Ray,2026-01-15
681,681,681,Kelly Lopez,2022-04-23
682,682,682,Steven Martinez,2023-01-30
683,683,683,Catherine Smith,2025-05-25
684,684,684,Danielle Thornton,2026-01-02
685,685,685,Jill Roman,2024-12-09
686,686,686,Jennifer Williams,2026-06-16
687,687,687,Allison Kim,2024-12-28
688,688,688,Scott Stewart,2025-01-30
689,689,689,Brian Garcia,2023-12-25
690,690,690,Charles Scott,2023-06-07
691,691,691,Eric Russell,2023-03-28
692,692,692,Lucas Nguyen,2021-09-14
693,693,693,Anthony Price,2023-01-13
694,694,694,Jason Nguyen,2026-07-15
695,695,695,Ronald Martinez,2023-07-11
696,696,696,Paul Willis,2021-09-30
697,697,697,Paul Cruz Jr.,2026-01-13
698,698,698,John Russell,2025-07-19
699,699,699,Mr. David Mercado,2025-12-16
700,700,700,Victor Leonard,2026-02-20
701,701,701,Justin Glover,2023-11-16
702,702,702,Jason Miller,2024-04-02
703,703,703,Christina Faulkner,2023-07-19
704,704,704,William Casey,2024-03-11
705,705,705,Jessica Buck,2023-12-16
706,706,706,Aaron Marshall,2026-05-15
707,707,707,Donna Stanton,2022-09-08
708,708,708,Timothy Olson,2023-02-16
709,709,709,Sara James,2023-07-30
710,710,710,Mark Richards,2022-01-22
711,711,711,Amber Stevenson,2026-03-18
712,712,712,Elizabeth Foster,2023-09-13
713,713,713,Charles Hawkins,2024-02-26
714,714,714,Jeffrey Bishop,2022-01-02
715,715,715,Emily Fleming,2022-12-07
716,716,716,Dean Mullins,2024-01-13
717,717,717,David Bird,2022-10-21
718,718,718,Joe Greene,2023-12-22
719,719,719,Michael Lucas,2022-02-10
720,720,720,John Valenzuela,2023-10-16
721,721,721,Jennifer Woodard,2023-06-17
722,722,722,Pamela Medina,2026-03-21
723,723,723,Mariah Jones,2022-08-29
724,724,724,Ronnie Powers,2021-09-07
725,725,725,Heather Hess,2024-08-17
726,726,726,Heather Thompson,2024-10-23
727,727,727,Melissa Smith,2024-06-07
728,728,728,Timothy Wallace,2022-05-19
729,729,729,Alejandro Campbell,2026-05-06
730,730,730,Heather Davis,2023-12-02
731,731,731,Elizabeth Robbins,2022-10-23
732,732,732,Johnny Cox,2025-02-22
733,733,733,Tanner Mann,2024-03-07
734,734,734,Craig Nicholson,2024-06-07
735,735,735,Sergio Carroll,2022-02-27
736,736,736,Juan Keller MD,2021-10-05
737,737,737,Krystal Jones,2024-09-11
738,738,738,Austin Green,2023-07-16
739,739,739,Crystal Mills,2024-01-19
740,740,740,Cheryl Gregory,2023-03-06
741,741,741,Melissa Patel MD,2023-11-07
742,742,742,Jordan Pace,2021-10-21
743,743,743,Terri Williams,2026-03-30
744,744,744,Jessica Carney,2026-08-20
745,745,745,Michael Owens,2022-07-30
746,746,746,Peter Stephenson,2024-12-02
747,747,747,Donald Fisher,2023-11-11
748,748,748,Aaron Lee,2026-05-11
749,749,749,Kenneth Johnson,2023-06-05
750,750,750,Vanessa Coleman,2025-06-07
751,751,751,David Martin,2023-07-20
752,752,752,Mark Davis,2024-06-06
753,753,753,Robert Watkins,2023-12-17
754,754,754,Felicia Wright,2023-05-29
755,755,755,David Peterson,2026-08-15
756,756,756,Gavin Bauer,2025-01-13
757,757,757,Patricia Harvey,2022-12-30
758,758,758,Lori Riley,2025-06-19
759,759,759,Antonio Johnson,2023-08-23
760,760,760,Ryan Brown,2025-05-13
761,761,761,Thomas Ramos,2024-10-22
762,762,762,Mark Jones,2022-12-07
763,763,763,Kristin Phillips,2025-09-30
764,764,764,Brendan Walton,2022-06-21
765,765,765,Kyle Keller,2025-11-21
766,766,766,James Pope,2023-03-20
767,767,767,Lisa Morgan,2025-07-31
768,768,768,Rachel Gibson,2023-03-31
769,769,769,Corey Garcia,2023-03-04
770,770,770,Andrea Clarke,2023-04-12
771,771,771,Kenneth Walsh,2026-07-08
772,772,772,Jason Hardy,2025-11-04
773,773,773,David Robles,2023-03-17
774,774,774,Eric Graham,2024-01-27
775,775,775,Nicole Collins,2021-11-07
776,776,776,Patricia Hernandez,2024-04-23
777,777,777,Grant Wood,2023-01-22
778,778,778,Kevin Gregory,2023-03-09
779,779,779,Jonathon Conley,2025-01-09
780,780,780,Jennifer Gonzalez,2023-04-09
781,781,781,Terry Glover,2022-04-06
782,782,782,Michael Neal,2022-11-22
783,783,783,Ms. Erin Lane,2022-04-14
784,784,784,Lisa Barnes,2025-04-19
785,785,785,Jesse Mccormick,2023-10-04
786,786,786,Daniel Smith,2025-07-17
787,787,787,David Hanson,2025-02-04
788,788,788,Nicholas Cisneros,2022-07-11
789,789,789,Patrick Harris,2026-02-25
790,790,790,William Cox,2022-11-03
791,791,791,Alvin Wilson,2021-10-09
792,792,792,Cory Willis,2022-07-09
793,793,793,Amanda Johnson,2024-11-20
794,794,794,Christopher Mcclure,2024-12-09
795,795,795,Gina Spencer,2021-11-06
796,796,796,Alex Cameron,2022-08-10
797,797,797,Alisha Byrd,2021-10-15
798,798,798,Richard Rodriguez,2022-01-16
799,799,799,Elizabeth Allen,2022-10-18
800,800,800,Mary Pugh,2023-10-14
801,801,801,Yolanda Keith,2022-05-20
802,802,802,Ana Thomas,2023-12-13
803,803,803,Rebecca Lee,2022-11-20
804,804,804,James Greene,2021-10-14
805,805,805,Dana Williams,2021-10-02
806,806,806,Chelsea Nichols,2022-07-30
807,807,807,Erin Brown,2026-04-15
808,808,808,Shelley York,2024-07-20
809,809,809,Stacey Clark,2022-05-24
810,810,810,John Alvarado,2023-05-24
811,811,811,Jordan Potter,2022-11-09
812,812,812,Katrina Jimenez,2025-10-04
813,813,813,Frank Brooks,2026-06-17
814,814,814,Michelle Simpson,2025-06-14
815,815,815,James Morse,2023-01-22
816,816,816,Amanda Robinson,2024-04-15
817,817,817,Scott Foster,2024-06-29
818,818,818,Stephen Duncan,2025-09-29
819,819,819,Jacqueline Pierce,2022-12-27
820,820,820,Bradley Wallace,2023-09-30
821,821,821,Kevin Marshall,2022-02-23
822,822,822,Jessica Mcdonald,2026-04-18
823,823,823,Robert Stewart,2023-12-12
824,824,824,Christopher Hall,2026-04-18
825,825,825,Heather Miller,2022-09-20
826,826,826,Kayla Schneider,2021-11-07
827,827,827,Tammy Garcia,2022-01-19
828,828,828,Andrew Gonzalez,2022-07-19
829,829,829,Gary Turner,2026-04-22
830,830,830,Melinda Hill,2024-03-12
831,831,831,Yolanda Murillo,2022-07-18
832,832,832,Nancy Gaines,2026-01-09
833,833,833,Elijah Short,2025-03-16
834,834,834,Jennifer Sullivan,2022-11-17
835,835,835,Mary Kennedy,2021-09-06
836,836,836,Paige Hernandez,2023-07-31
837,837,837,Darrell Curry,2021-11-16
838,838,838,Jose Hartman,2023-08-08
839,839,839,Miranda Murray,2025-04-22
840,840,840,Emily Lopez,2024-12-13
841,841,841,Melissa Clark,2022-12-04
842,842,842,Justin Brooks,2024-09-04
843,843,843,Bethany Harding,2024-02-11
844,844,844,Robert Flowers,2023-08-05
845,845,845,Jason Jennings,2024-12-11
846,846,846,Richard Medina,2022-08-18
847,847,847,Alexander Floyd,2025-11-09
848,848,848,Brittany Cisneros,2023-02-11
849,849,849,Mark Morrison,2022-08-11
850,850,850,Sharon Baird,2023-08-01
851,851,851,James Ferguson,2022-07-16
852,852,852,Brian Hudson,2024-01-26
853,853,853,Steven Davis,2024-09-17
854,854,854,Juan Johnson,2022-04-28
855,855,855,Katherine Lopez,2024-07-05
856,856,856,Victor Campbell,2022-09-05
857,857,857,Matthew Jones,2024-09-27
858,858,858,Joseph Jackson,2022-05-24
859,859,859,Jennifer Moore,2022-01-15
860,860,860,Joshua Mendoza,2022-12-16
861,861,861,Troy Glenn,2023-03-10
862,862,862,Daniel Reynolds,2025-04-26
863,863,863,Karen Munoz,2026-03-09
864,864,864,Laurie Shaw,2024-07-09
865,865,865,Desiree Smith,2023-03-20
866,866,866,Austin Ross,2025-04-16
867,867,867,Kelly Kent,2022-12-13
868,868,868,Julia Johnston,2024-03-27
869,869,869,Donna Ibarra,2024-02-11
870,870,870,Michael Dawson,2024-08-20
871,871,871,Louis Patrick,2022-07-22
872,872,872,David Yoder,2023-12-24
873,873,873,Judith Bartlett,2025-12-02
874,874,874,Keith Long,2024-10-23
875,875,875,Cynthia Harrell,2023-12-06
876,876,876,Mark Carter,2022-04-28
877,877,877,Melissa Bowen,2021-09-09
878,878,878,Johnny Riddle,2022-12-08
879,879,879,Whitney Jones,2022-12-02
880,880,880,Randall Nguyen,2024-05-25
881,881,881,David Hunter,2022-12-06
882,882,882,Benjamin Neal,2024-12-29
883,883,883,Jane Reese,2025-06-21
884,884,884,Jennifer Smith,2025-09-28
885,885,885,Thomas Murphy,2022-03-31
886,886,886,Kari Jones,2022-08-20
887,887,887,Dana Dodson,2026-08-03
888,888,888,Robert Skinner,2025-04-23
889,889,889,Albert Garcia,2024-01-16
890,890,890,Joseph Myers,2022-11-26
891,891,891,Phillip Byrd,2022-06-11
892,892,892,Hunter Robinson,2024-06-02
893,893,893,Michael Robinson,2022-10-04
894,894,894,Sara Cain,2023-03-22
895,895,895,Michelle Prince,2024-12-12
896,896,896,Eric Williams,2024-09-02
897,897,897,Raymond Wang,2024-05-22
898,898,898,Jade Allen,2025-11-16
899,899,899,Javier Hays,2025-04-11
900,900,900,Corey Caldwell,2025-10-07
901,901,901,Stephen Robles,2025-03-12
902,902,902,Carol Jackson,2024-07-05
903,903,903,Brian Murphy,2022-11-06
904,904,904,Chelsey Clark,2023-10-07
905,905,905,Teresa Martinez,2024-12-06
906,906,906,Howard Thompson,2025-03-26
907,907,907,Eugene Price,2026-05-06
908,908,908,Austin Briggs,2025-11-25
909,909,909,Jackie Jones,2026-04-03
910,910,910,Eric George,2026-03-19
911,911,911,Mrs. Kimberly Mooney,2025-11-11
912,912,912,Carolyn Haley,2026-03-15
913,913,913,Vicki Horton,2026-03-26
914,914,914,Valerie Benson,2023-08-18
915,915,915,Mark Henson,2024-12-10
916,916,916,Samuel Olson,2022-05-20
917,917,917,Lee Richards,2026-08-12
918,918,918,Martin Hall,2025-04-05
919,919,919,Virginia Hall,2026-02-26
920,920,920,Stephanie Parker,2026-08-03
921,921,921,Nicole Harvey,2023-07-16
922,922,922,James Phillips,2022-06-01
923,923,923,Dan Johnson,2023-09-03
924,924,924,Linda Bautista,2024-09-30
925,925,925,Erin Ramirez,2021-09-11
926,926,926,Paige Meyer,2023-05-27
927,927,927,Maria Roberts,2021-10-26
928,928,928,Ryan Rivera,2024-10-02
929,929,929,Joshua Knox,2026-06-03
930,930,930,Danielle Mcdaniel,2025-09-14
931,931,931,Lisa James,2022-10-23
932,932,932,Jeremy Smith,2022-08-11
933,933,933,Andrea Lee,2022-03-07
934,934,934,Brenda Harris,2024-08-23
935,935,935,Kevin Guerra,2024-09-28
936,936,936,Cynthia Miller,2022-11-09
937,937,937,Emily Griffith,2024-03-06
938,938,938,Christopher Wright,2025-08-03
939,939,939,Jerome Reid,2022-11-24
940,940,940,Richard Miller,2026-05-13
941,941,941,Jennifer Jackson,2025-04-03
942,942,942,Jonathan Moss,2023-09-26
943,943,943,Sally Leon,2023-06-19
944,944,944,James Dickerson,2023-08-01
945,945,945,Tammy Larson,2022-02-23
946,946,946,Nicholas Scott,2022-11-05
947,947,947,Jesse Brooks,2022-09-02
948,948,948,Andrea Taylor,2022-11-21
949,949,949,Christopher Lopez,2024-11-18
950,950,950,Jonathan Swanson,2021-11-23
951,951,951,Timothy Bentley DVM,2025-04-14
952,952,952,John Davidson,2024-10-31
953,953,953,Jennifer Williams,2022-02-18
954,954,954,Janice Cunningham,2022-07-29
955,955,955,Jeffrey Scott,2026-08-14
956,956,956,Miranda Hicks,2022-04-20
957,957,957,Michael Horton DDS,2025-09-23
958,958,958,Nancy Allen,2023-01-07
959,959,959,Robert Mccoy,2021-12-05
960,960,960,Melissa Brewer,2022-12-03
961,961,961,Jesus Becker,2024-10-11
962,962,962,Lance Lynn,2022-11-15
963,963,963,Alexandria Wise,2022-05-06
964,964,964,Sydney Sanders,2023-10-04
965,965,965,Stephanie Stone,2022-04-30
966,966,966,Jay Gallegos,2021-10-11
967,967,967,Eric Ponce,2026-07-07
968,968,968,Janet Parker,2025-03-20
969,969,969,Shawn Luna,2022-12-12
970,970,970,Mark Frank,2023-03-23
971,971,971,Charles Goodman,2025-09-01
972,972,972,Jennifer Parker,2022-11-12
973,973,973,Dr. April Jones,2026-02-27
974,974,974,Kelly Pena,2024-03-21
975,975,975,Carolyn Brooks,2025-09-02
976,976,976,Christina White,2025-03-04
977,977,977,Joanne Olsen,2024-07-17
978,978,978,Anthony White,2025-06-13
979,979,979,Deanna Barrera,2021-10-14
980,980,980,Mark Weber,2024-02-10
981,981,981,Carol Carter,2022-08-14
982,982,982,Donald Peterson,2022-12-31
983,983,983,Karen Chambers,2022-03-08
984,984,984,Antonio Walton,2021-12-11
985,985,985,Kevin Huerta,2023-02-24
986,986,986,Joseph Smith,2025-12-14
987,987,987,Victoria Juarez,2023-01-14
988,988,988,Kara Rogers,2021-10-06
989,989,989,Jacob Wu,2025-01-16
990,990,990,Dr. Teresa Ortega MD,2025-04-11
991,991,991,Henry Rivera,2025-07-15
992,992,992,Jesus Hale,2026-05-21
993,993,993,Stacy Taylor,2023-11-13
994,994,994,Sheila Ramirez,2026-07-16
995,995,995,Robin Richardson,2025-12-10
996,996,996,Mary Alvarez,2024-04-10
997,997,997,Cole Andersen,2023-08-10
998,998,998,Robin Smith,2025-04-11
999,999,999,Angel Aguirre,2023-01-03
1000,1000,1000,Jeremy Lawson,2023-12-26
