demo_id,age,gender
1,41,Other
2,75,Other
3,56,M
4,81,M
5,23,F
6,34,Other
7,83,M
8,78,F
9,37,Other
10,68,Other
11,58,F
12,66,Other
13,52,Other
14,29,Other
15,78,F
16,36,F
17,70,M
18,62,F
19,65,M
20,67,F
21,18,F
22,25,M
23,76,M
24,83,F
25,21,F
26,35,M
27,78,M
28,58,Other
29,77,Other
30,41,Other
31,37,F
32,72,F
33,53,M
34,20,Other
35,40,F
36,79,F
37,27,M
38,71,F
39,58,M
40,59,Other
41,27,M
42,74,M
43,79,M
44,41,F
45,76,Other
46,21,Other
47,27,F
48,65,Other
49,70,Other
50,27,F
51,59,Other
52,45,M
53,28,Other
54,67,F
55,66,Other
56,43,F
57,35,Other
58,33,Other
59,79,M
60,29,F
61,29,Other
62,42,M
63,51,F
64,49,M
65,22,Other
66,51,M
67,45,Other
68,57,F
69,80,Other
70,29,M
71,68,M
72,33,M
73,28,Other
74,44,M
75,45,M
76,73,M
77,84,Other
78,67,Other
79,71,F
80,47,F
81,51,M
82,80,Other
83,61,F
84,34,Other
85,24,Other
86,31,Other
87,21,Other
88,33,M
89,84,F
90,69,Other
91,75,M
92,63,F
93,81,Other
94,31,M
95,84,M
96,54,M
97,25,F
98,59,M
99,61,F
100,60,F
101,27,Other
102,59,Other
103,73,Other
104,60,M
105,38,Other
106,35,F
107,31,M
108,54,F
109,75,M
110,76,F
111,83,Other
112,18,F
113,31,Other
114,37,F
115,65,M
116,69,Other
117,22,M
118,52,M
119,64,Other
120,41,Other
121,71,Other
122,78,Other
123,65,Other
124,78,M
125,78,M
126,75,F
127,76,Other
128,52,F
129,29,Other
130,21,F
131,55,Other
132,19,Other
133,29,Other
134,68,M
135,63,F
136,69,F
137,84,Other
138,83,M
139,28,Other
140,61,M
141,44,F
142,81,F
143,82,Other
144,73,Other
145,53,F
146,65,M
147,35,M
148,36,Other
149,27,F
150,74,Other
151,70,Other
152,53,Other
153,68,F
154,61,Other
155,30,Other
156,25,F
157,18,M
158,38,Other
159,51,M
160,42,M
161,29,F
162,29,M
163,46,Other
164,30,M
165,71,Other
166,56,F
167,52,Other
168,44,Other
169,50,F
170,34,F
171,45,M
172,23,F
173,22,Other
174,75,M
175,52,Other
176,50,Other
177,43,M
178,54,Other
179,62,M
180,76,F
181,26,F
182,26,F
183,77,M
184,64,Other
185,75,M
186,25,M
187,54,M
188,65,F
189,74,F
190,21,Other
191,76,F
192,23,M
193,37,F
194,60,F
195,37,Other
196,52,Other
197,55,F
198,83,Other
199,34,Other
200,26,F
201,35,M
202,43,M
203,67,Other
204,35,F
205,77,Other
206,23,Other
207,75,Other
208,53,F
209,37,Other
210,20,Other
211,37,Other
212,55,F
213,42,Other
214,39,Other
215,66,M
216,33,Other
217,40,F
218,60,Other
219,53,M
220,55,M
221,75,F
222,53,Other
223,45,F
224,62,Other
225,48,F
226,57,Other
227,64,M
228,71,M
229,78,M
230,80,M
231,74,Other
232,43,M
233,73,F
234,80,M
235,24,Other
236,18,M
237,63,Other
238,39,Other
239,22,M
240,27,F
241,36,M
242,44,Other
243,59,Other
244,78,M
245,60,M
246,51,M
247,70,Other
248,65,M
249,33,M
250,77,M
251,41,Other
252,81,Other
253,49,F
254,32,M
255,58,Other
256,21,F
257,78,F
258,79,M
259,58,Other
260,45,M
261,49,M
262,82,Other
263,73,F
264,83,F
265,48,F
266,59,F
267,50,F
268,27,Other
269,79,Other
270,22,F
271,61,M
272,40,M
273,70,F
274,62,F
275,26,Other
276,44,Other
277,37,Other
278,41,M
279,18,Other
280,59,M
281,78,M
282,79,Other
283,36,F
284,18,F
285,68,F
286,39,Other
287,34,M
288,26,Other
289,29,F
290,72,Other
291,52,F
292,21,Other
293,21,F
294,24,M
295,52,Other
296,58,M
297,83,F
298,66,Other
299,33,F
300,68,M
301,23,Other
302,63,F
303,26,M
304,79,M
305,32,M
306,25,M
307,64,F
308,32,F
309,22,M
310,70,F
311,63,M
312,85,M
313,47,F
314,30,Other
315,40,M
316,44,M
317,72,M
318,24,Other
319,23,M
320,50,F
321,37,M
322,60,F
323,82,Other
324,44,M
325,82,M
326,73,M
327,24,Other
328,48,M
329,77,Other
330,72,Other
331,79,Other
332,84,F
333,82,M
334,63,M
335,41,F
336,81,F
337,26,M
338,45,F
339,35,Other
340,62,M
341,67,F
342,36,F
343,21,Other
344,76,F
345,57,M
346,35,M
347,34,M
348,41,M
349,60,M
350,85,F
351,28,Other
352,27,M
353,42,M
354,47,M
355,60,M
356,20,F
357,24,Other
358,24,M
359,46,Other
360,57,M
361,77,Other
362,26,Other
363,33,M
364,25,Other
365,53,F
366,76,M
367,50,Other
368,37,M
369,56,M
370,28,M
371,69,F
372,80,Other
373,54,F
374,74,Other
375,57,F
376,44,F
377,22,F
378,59,Other
379,34,Other
380,42,M
381,45,M
382,83,F
383,28,Other
384,73,Other
385,66,F
386,83,Other
387,26,F
388,82,Other
389,41,Other
390,22,M
391,66,Other
392,81,F
393,74,Other
394,62,F
395,68,F
396,47,Other
397,42,Other
398,36,Other
399,38,F
400,73,F
401,81,M
402,43,M
403,67,Other
404,44,F
405,29,Other
406,69,F
407,29,F
408,71,M
409,23,M
410,48,M
411,44,F
412,63,Other
413,48,Other
414,20,Other
415,68,F
416,55,F
417,50,Other
418,32,F
419,74,Other
420,38,F
421,67,Other
422,35,M
423,21,M
424,37,F
425,68,Other
426,71,F
427,72,F
428,68,F
429,58,M
430,31,F
431,62,M
432,83,F
433,76,M
434,58,M
435,66,F
436,56,M
437,52,Other
438,28,M
439,38,Other
440,78,Other
441,72,F
442,73,Other
443,32,F
444,58,M
445,56,F
446,20,F
447,78,Other
448,56,Other
449,71,M
450,66,M
451,60,Other
452,56,Other
453,71,F
454,82,F
455,31,Other
456,42,Other
457,80,M
458,37,M
459,50,Other
460,39,Other
461,32,M
462,21,F
463,32,M
464,31,M
465,24,Other
466,49,Other
467,31,M
468,38,F
469,37,F
470,47,F
471,30,M
472,40,Other
473,77,M
474,64,F
475,30,Other
476,63,M
477,70,F
478,63,Other
479,22,Other
480,30,M
481,79,F
482,40,Other
483,69,Other
484,51,F
485,74,F
486,49,F
487,85,F
488,41,M
489,30,Other
490,41,M
491,36,Other
492,31,F
493,71,M
494,42,M
495,38,M
496,36,Other
497,23,M
498,60,F
499,42,M
500,29,M
501,49,M
502,83,F
503,77,M
504,74,F
505,21,M
506,25,F
507,22,M
508,20,Other
509,60,Other
510,84,M
511,44,M
512,63,F
513,71,Other
514,54,F
515,77,M
516,28,F
517,64,M
518,26,F
519,34,M
520,25,Other
521,35,Other
522,28,M
523,41,F
524,56,Other
525,59,F
526,37,M
527,47,M
528,28,F
529,52,M
530,53,F
531,58,F
532,59,Other
533,42,Other
534,58,F
535,42,M
536,51,M
537,43,Other
538,24,M
539,69,Other
540,78,F
541,55,Other
542,55,M
543,81,Other
544,31,F
545,36,Other
546,56,F
547,76,Other
548,46,Other
549,31,M
550,72,Other
551,56,F
552,32,M
553,32,F
554,69,F
555,33,M
556,68,M
557,56,M
558,50,Other
559,34,M
560,20,M
561,75,Other
562,70,F
563,28,F
564,29,M
565,26,M
566,18,F
567,44,M
568,33,Other
569,61,Other
570,79,F
571,33,M
572,40,F
573,59,F
574,20,Other
575,76,M
576,41,M
577,43,F
578,80,M
579,79,Other
580,58,F
581,33,F
582,51,Other
583,53,M
584,49,F
585,64,M
586,43,Other
587,42,M
588,37,F
589,84,F
590,36,M
591,55,M
592,82,Other
593,38,F
594,70,M
595,71,Other
596,27,M
597,60,Other
598,53,M
599,64,F
600,66,M
601,40,M
602,20,M
603,20,Other
604,38,Other
605,31,Other
606,59,M
607,34,M
608,33,Other
609,85,M
610,48,F
611,36,M
612,22,M
613,20,M
614,52,F
615,56,Other
616,72,M
617,79,F
618,53,Other
619,52,F
620,19,M
621,43,F
622,26,Other
623,85,F
624,63,Other
625,81,M
626,85,Other
627,46,M
628,48,M
629,36,M
630,66,F
631,85,Other
632,71,Other
633,27,Other
634,52,Other
635,48,F
636,57,F
637,82,F
638,41,F
639,52,M
640,40,M
641,83,F
642,53,M
643,56,F
644,76,M
645,40,M
646,74,F
647,21,F
648,79,Other
649,78,Other
650,35,F
651,41,F
652,85,M
653,67,M
654,71,M
655,42,F
656,83,M
657,54,F
658,34,F
659,35,F
660,24,F
661,44,M
662,53,Other
663,55,F
664,24,Other
665,72,M
666,25,F
667,68,Other
668,83,M
669,68,M
670,72,F
671,37,F
672,32,M
673,57,Other
674,60,Other
675,34,F
676,58,F
677,28,F
678,55,F
679,33,Other
680,80,Other
681,76,Other
682,38,Other
683,81,F
684,45,Other
685,46,Other
686,72,F
687,65,F
688,59,F
689,45,M
690,21,F
691,72,F
692,78,Other
693,71,M
694,73,F
695,52,Other
696,49,F
697,82,M
698,52,M
699,20,M
700,52,F
701,48,F
702,36,Other
703,34,M
704,71,M
705,53,F
706,32,F
707,78,F
708,49,M
709,38,Other
710,56,F
711,47,Other
712,51,Other
713,68,M
714,76,M
715,21,M
716,31,M
717,28,F
718,52,Other
719,48,Other
720,75,M
721,37,F
722,54,M
723,46,F
724,84,Other
725,69,Other
726,76,F
727,75,F
728,29,M
729,48,F
730,18,Other
731,76,F
732,58,Other
733,54,F
734,26,F
735,46,M
736,35,M
737,23,Other
738,64,F
739,25,F
740,79,Other
741,45,M
742,44,F
743,83,F
744,65,F
745,42,F
746,41,Other
747,47,Other
748,84,F
749,22,F
750,76,M
751,74,M
752,32,M
753,19,F
754,85,M
755,45,M
756,81,F
757,82,Other
758,74,F
759,26,Other
760,46,F
761,31,Other
762,38,Other
763,19,F
764,23,F
765,56,Other
766,78,F
767,83,F
768,58,Other
769,27,F
770,28,F
771,69,M
772,34,Other
773,61,Other
774,39,Other
775,83,F
776,57,M
777,60,M
778,21,M
779,58,M
780,64,M
781,21,Other
782,35,F
783,76,F
784,33,F
785,68,F
786,62,M
787,65,M
788,69,M
789,49,Other
790,66,Other
791,76,Other
792,55,Other
793,57,F
794,51,M
795,24,F
796,37,F
797,79,Other
798,70,F
799,40,M
800,37,M
801,84,F
802,24,Other
803,28,F
804,61,Other
805,29,Other
806,23,M
807,27,Other
808,77,M
809,71,F
810,23,M
811,84,Other
812,85,Other
813,65,Other
814,48,M
815,51,F
816,83,Other
817,54,Other
818,30,Other
819,21,F
820,62,M
821,48,M
822,83,Other
823,42,F
824,21,M
825,40,Other
826,77,M
827,47,Other
828,41,Other
829,33,Other
830,79,M
831,66,F
832,67,F
833,63,Other
834,57,Other
835,50,Other
836,34,Other
837,24,F
838,60,F
839,53,M
840,38,M
841,53,M
842,36,M
843,77,M
844,61,F
845,65,F
846,36,Other
847,49,M
848,27,M
849,67,Other
850,56,M
851,67,Other
852,18,M
853,27,M
854,61,M
855,67,M
856,85,M
857,36,F
858,27,Other
859,80,M
860,22,F
861,35,M
862,48,F
863,79,M
864,21,Other
865,50,Other
866,35,Other
867,53,Other
868,57,Other
869,41,Other
870,40,F
871,59,Other
872,53,Other
873,72,F
874,43,Other
875,54,F
876,79,M
877,57,Other
878,51,F
879,67,Other
880,38,F
881,65,Other
882,66,M
883,84,Other
884,59,Other
885,19,M
886,50,M
887,60,F
888,28,F
889,45,F
890,68,F
891,39,M
892,50,M
893,57,F
894,49,M
895,54,F
896,55,M
897,40,F
898,60,Other
899,29,Other
900,72,M
901,63,M
902,44,F
903,60,M
904,36,Other
905,71,Other
906,51,F
907,82,M
908,59,M
909,81,Other
910,65,F
911,64,Other
912,66,F
913,52,M
914,69,M
915,44,M
916,47,Other
917,48,M
918,72,F
919,83,M
920,39,F
921,66,Other
922,43,Other
923,32,Other
924,62,M
925,52,F
926,24,F
927,55,M
928,73,M
929,64,F
930,23,Other
931,26,M
932,76,Other
933,37,M
934,28,M
935,76,F
936,76,M
937,26,M
938,67,M
939,31,M
940,32,Other
941,44,M
942,81,M
943,18,Other
944,82,F
945,69,F
946,81,Other
947,73,Other
948,60,M
949,85,M
950,30,F
951,74,F
952,27,M
953,60,F
954,28,F
955,49,F
956,82,F
957,73,M
958,47,M
959,27,F
960,19,Other
961,55,M
962,53,F
963,21,Other
964,80,Other
965,46,M
966,83,M
967,24,Other
968,40,F
969,26,M
970,56,M
971,48,F
972,66,Other
973,64,Other
974,18,M
975,51,M
976,49,F
977,39,F
978,74,M
979,69,M
980,82,F
981,83,M
982,25,M
983,75,M
984,82,F
985,72,Other
986,50,Other
987,79,F
988,78,F
989,66,F
990,73,M
991,73,F
992,63,M
993,58,F
994,31,Other
995,54,M
996,44,F
997,31,Other
998,63,M
999,41,F
1000,35,Other
