sms_id,sub_id,msg_length
1,539,105
2,775,156
3,507,97
4,726,76
5,635,78
6,250,129
7,816,145
8,720,92
9,467,97
10,900,120
11,477,42
12,94,103
13,462,71
14,458,160
15,355,135
16,61,26
17,286,133
18,343,97
19,569,58
20,819,135
21,333,81
22,386,110
23,564,97
24,169,141
25,91,37
26,832,87
27,399,127
28,181,140
29,131,135
30,319,104
31,268,82
32,534,52
33,228,98
34,854,133
35,865,34
36,216,124
37,935,55
38,65,78
39,395,81
40,389,142
41,174,15
42,699,94
43,849,141
44,672,39
45,831,145
46,945,48
47,143,139
48,292,125
49,490,125
50,27,75
51,727,31
52,280,125
53,965,117
54,80,145
55,22,16
56,896,45
57,148,51
58,923,106
59,352,126
60,853,107
61,671,116
62,293,143
63,671,93
64,240,42
65,239,89
66,820,47
67,677,12
68,595,43
69,890,49
70,605,132
71,428,15
72,831,154
73,564,98
74,814,76
75,856,38
76,565,152
77,484,117
78,397,79
79,197,15
80,222,66
81,519,129
82,84,25
83,934,138
84,877,102
85,971,95
86,149,127
87,720,111
88,720,16
89,355,18
90,753,138
91,333,41
92,91,54
93,634,58
94,97,105
95,7,97
96,399,30
97,462,74
98,948,65
99,366,68
100,586,47
101,472,149
102,529,66
103,913,24
104,976,117
105,69,63
106,516,70
107,560,135
108,733,57
109,427,16
110,986,127
111,490,46
112,800,12
113,293,39
114,737,18
115,498,14
116,876,102
117,71,68
118,74,46
119,682,49
120,552,128
121,548,160
122,565,132
123,841,100
124,691,156
125,317,72
126,392,19
127,820,142
128,70,158
129,365,38
130,382,39
131,564,28
132,287,103
133,184,129
134,68,106
135,383,112
136,890,106
137,262,120
138,326,108
139,795,15
140,244,110
141,304,41
142,557,144
143,319,135
144,543,49
145,561,19
146,850,88
147,23,83
148,525,89
149,480,158
150,127,39
151,942,106
152,759,116
153,712,105
154,183,57
155,127,141
156,382,23
157,9,156
158,385,160
159,212,116
160,930,67
161,362,80
162,394,53
163,426,37
164,684,123
165,63,87
166,678,57
167,877,101
168,286,53
169,852,148
170,37,99
171,491,91
172,657,68
173,39,109
174,52,61
175,857,150
176,511,51
177,278,100
178,413,160
179,192,90
180,121,44
181,855,136
182,466,68
183,412,20
184,189,32
185,547,34
186,816,22
187,400,91
188,264,107
189,532,151
190,49,130
191,972,13
192,896,30
193,722,135
194,445,156
195,200,27
196,969,151
197,780,48
198,599,104
199,256,41
200,915,58
201,789,136
202,432,120
203,157,47
204,602,101
205,659,127
206,695,22
207,613,84
208,638,91
209,448,129
210,662,99
211,116,90
212,661,114
213,983,84
214,525,17
215,448,54
216,118,54
217,88,130
218,205,103
219,889,27
220,382,79
221,802,124
222,836,140
223,375,37
224,873,28
225,150,29
226,798,151
227,245,114
228,240,49
229,121,133
230,47,100
231,429,104
232,632,85
233,114,134
234,807,75
235,596,130
236,576,124
237,982,28
238,298,17
239,197,134
240,372,108
241,719,132
242,514,92
243,478,20
244,539,34
245,47,61
246,17,136
247,673,18
248,451,116
249,478,113
250,491,66
251,516,30
252,107,117
253,213,108
254,463,38
255,222,28
256,520,37
257,535,106
258,41,73
259,910,97
260,139,27
261,77,105
262,187,118
263,734,112
264,418,140
265,826,72
266,811,98
267,259,54
268,622,91
269,810,84
270,170,11
271,481,77
272,906,102
273,436,111
274,367,68
275,19,84
276,169,87
277,24,146
278,299,23
279,312,65
280,366,78
281,613,120
282,627,93
283,551,123
284,314,27
285,966,57
286,671,45
287,248,45
288,264,94
289,978,94
290,430,127
291,695,98
292,195,73
293,234,24
294,986,153
295,230,36
296,535,55
297,193,95
298,204,156
299,450,55
300,557,19
301,906,63
302,558,137
303,673,67
304,437,143
305,191,120
306,551,159
307,88,54
308,468,97
309,587,49
310,526,105
311,354,102
312,549,156
313,72,58
314,474,10
315,791,95
316,150,102
317,709,83
318,840,14
319,183,72
320,619,118
321,383,84
322,94,53
323,865,44
324,70,43
325,646,120
326,144,49
327,483,73
328,323,86
329,920,82
330,392,44
331,580,84
332,114,130
333,816,101
334,104,24
335,815,113
336,45,145
337,624,116
338,796,33
339,204,33
340,881,69
341,774,11
342,98,115
343,185,38
344,386,140
345,692,138
346,936,13
347,665,118
348,256,40
349,548,110
350,922,83
351,172,93
352,502,94
353,279,122
354,91,88
355,480,137
356,966,50
357,266,91
358,358,20
359,688,35
360,511,107
361,341,51
362,578,57
363,501,109
364,568,14
365,985,111
366,515,20
367,464,130
368,69,86
369,191,151
370,13,146
371,970,94
372,921,12
373,95,93
374,226,29
375,169,92
376,438,137
377,378,30
378,362,31
379,619,99
380,572,97
381,19,46
382,77,103
383,507,19
384,640,129
385,407,78
386,767,159
387,500,148
388,27,105
389,662,84
390,745,98
391,590,128
392,183,14
393,37,14
394,231,84
395,180,142
396,64,52
397,568,119
398,202,57
399,443,160
400,6,84
401,386,44
402,90,63
403,100,53
404,196,140
405,5,35
406,10,52
407,426,157
408,642,128
409,156,121
410,328,59
411,306,53
412,107,157
413,386,119
414,962,103
415,612,138
416,422,11
417,72,151
418,583,117
419,205,19
420,540,92
421,705,94
422,875,149
423,215,128
424,544,152
425,604,117
426,218,45
427,29,149
428,243,90
429,306,150
430,140,116
431,51,23
432,680,109
433,64,114
434,48,52
435,127,18
436,300,10
437,16,74
438,795,117
439,742,118
440,508,155
441,566,45
442,888,95
443,579,12
444,598,55
445,549,139
446,502,139
447,268,47
448,66,57
449,830,23
450,826,84
451,941,32
452,991,31
453,160,102
454,794,58
455,448,112
456,957,141
457,661,138
458,561,63
459,654,130
460,748,150
461,604,11
462,666,75
463,402,115
464,61,23
465,313,71
466,901,145
467,847,87
468,593,88
469,23,25
470,803,91
471,812,43
472,69,48
473,885,100
474,520,119
475,176,84
476,291,100
477,340,31
478,235,65
479,662,70
480,136,148
481,794,72
482,704,139
483,582,96
484,521,17
485,590,31
486,349,120
487,847,108
488,864,39
489,669,44
490,443,49
491,291,54
492,92,104
493,133,47
494,23,13
495,795,94
496,906,129
497,603,107
498,849,66
499,413,70
500,926,34
501,499,35
502,646,98
503,938,98
504,176,118
505,678,20
506,564,66
507,499,93
508,156,117
509,794,14
510,616,158
511,829,69
512,351,110
513,627,86
514,201,37
515,574,23
516,341,95
517,620,154
518,688,19
519,21,37
520,333,32
521,175,152
522,693,114
523,231,22
524,425,102
525,10,46
526,881,33
527,384,159
528,460,57
529,181,156
530,753,97
531,50,40
532,997,57
533,207,72
534,661,103
535,201,86
536,972,75
537,664,119
538,838,13
539,799,143
540,283,25
541,442,86
542,477,34
543,516,76
544,29,118
545,43,150
546,791,113
547,33,64
548,752,138
549,247,62
550,623,60
551,87,58
552,276,76
553,620,14
554,26,66
555,239,81
556,847,67
557,371,115
558,855,81
559,768,140
560,249,75
561,311,12
562,609,23
563,452,46
564,768,124
565,941,137
566,395,124
567,161,24
568,161,37
569,600,10
570,121,62
571,249,88
572,652,121
573,937,64
574,371,35
575,961,33
576,214,141
577,754,67
578,240,39
579,120,48
580,938,47
581,857,81
582,405,144
583,385,160
584,714,109
585,354,29
586,764,107
587,875,145
588,737,76
589,59,152
590,389,143
591,887,93
592,183,159
593,424,116
594,459,80
595,864,139
596,176,69
597,623,160
598,885,84
599,759,46
600,395,36
601,937,25
602,381,153
603,907,139
604,653,150
605,465,41
606,38,138
607,420,70
608,928,29
609,734,104
610,711,100
611,200,65
612,757,87
613,335,136
614,148,37
615,361,111
616,693,43
617,515,123
618,932,39
619,494,15
620,527,14
621,498,107
622,747,137
623,928,51
624,255,125
625,673,15
626,739,50
627,95,55
628,467,73
629,407,67
630,911,74
631,536,43
632,952,17
633,566,52
634,710,126
635,991,82
636,714,144
637,463,85
638,483,117
639,648,113
640,420,86
641,153,142
642,929,46
643,391,117
644,705,10
645,333,43
646,844,62
647,151,33
648,879,135
649,76,75
650,239,21
651,966,37
652,724,94
653,141,88
654,875,85
655,77,75
656,797,28
657,447,34
658,722,137
659,235,83
660,655,156
661,975,158
662,620,97
663,527,70
664,770,18
665,145,52
666,315,137
667,851,157
668,560,24
669,151,41
670,228,89
671,519,118
672,939,69
673,17,63
674,929,121
675,82,11
676,112,25
677,58,134
678,535,28
679,896,108
680,363,156
681,204,44
682,636,136
683,610,25
684,681,84
685,94,81
686,413,106
687,194,130
688,29,10
689,533,21
690,810,64
691,632,96
692,573,157
693,266,113
694,166,48
695,65,54
696,713,33
697,141,48
698,330,89
699,358,126
700,60,24
701,687,15
702,794,96
703,794,114
704,838,62
705,223,51
706,656,65
707,43,120
708,678,112
709,343,126
710,864,142
711,361,15
712,493,84
713,702,127
714,162,23
715,173,11
716,519,15
717,84,31
718,485,65
719,231,85
720,150,28
721,999,120
722,866,63
723,468,69
724,950,120
725,310,126
726,25,70
727,282,145
728,36,122
729,941,41
730,199,45
731,665,158
732,258,55
733,765,78
734,739,108
735,304,14
736,687,103
737,21,82
738,957,52
739,743,97
740,119,73
741,534,30
742,283,14
743,364,50
744,482,47
745,114,84
746,758,117
747,497,15
748,500,144
749,336,128
750,432,149
751,562,112
752,643,28
753,270,114
754,67,57
755,58,78
756,964,149
757,222,19
758,198,114
759,97,158
760,236,116
761,656,66
762,46,13
763,439,52
764,849,76
765,455,10
766,742,115
767,465,80
768,81,78
769,377,14
770,849,42
771,257,38
772,735,123
773,505,150
774,165,26
775,298,123
776,555,51
777,918,68
778,570,18
779,318,37
780,477,114
781,744,26
782,563,35
783,267,11
784,193,69
785,373,128
786,79,22
787,487,137
788,355,14
789,661,104
790,770,154
791,705,14
792,787,26
793,362,127
794,684,155
795,906,48
796,599,82
797,467,135
798,828,22
799,595,104
800,881,138
801,941,134
802,590,130
803,774,54
804,921,93
805,329,81
806,705,125
807,203,45
808,870,13
809,580,160
810,138,89
811,464,11
812,174,151
813,49,134
814,494,76
815,972,100
816,544,78
817,412,115
818,673,37
819,14,86
820,162,55
821,627,52
822,127,26
823,871,137
824,238,95
825,492,86
826,310,101
827,612,91
828,242,139
829,800,158
830,530,146
831,832,129
832,399,119
833,745,152
834,703,71
835,909,38
836,664,104
837,557,90
838,749,30
839,125,133
840,963,119
841,275,160
842,75,43
843,123,155
844,899,67
845,966,90
846,986,142
847,430,146
848,227,43
849,382,84
850,356,106
851,749,77
852,198,112
853,780,153
854,148,101
855,447,119
856,70,25
857,549,75
858,539,19
859,631,38
860,611,11
861,429,114
862,146,18
863,826,114
864,294,17
865,887,21
866,396,46
867,362,45
868,905,111
869,288,88
870,232,118
871,529,87
872,859,89
873,998,100
874,584,98
875,976,130
876,652,15
877,754,67
878,389,93
879,785,49
880,310,114
881,810,155
882,722,87
883,507,75
884,911,109
885,811,49
886,567,101
887,545,141
888,778,136
889,168,108
890,675,27
891,437,134
892,293,80
893,666,15
894,489,39
895,160,129
896,248,45
897,924,54
898,370,41
899,867,28
900,265,59
901,577,28
902,111,130
903,206,111
904,169,79
905,278,115
906,43,21
907,885,116
908,431,70
909,792,42
910,682,113
911,85,159
912,567,43
913,113,38
914,772,115
915,218,12
916,831,78
917,921,84
918,44,114
919,193,43
920,29,103
921,438,158
922,695,135
923,11,67
924,926,20
925,252,140
926,253,22
927,707,77
928,483,77
929,825,38
930,661,18
931,764,144
932,839,101
933,71,50
934,663,137
935,756,24
936,33,119
937,916,158
938,276,85
939,671,65
940,157,95
941,55,131
942,489,50
943,596,137
944,556,145
945,64,11
946,50,122
947,455,18
948,443,81
949,6,47
950,769,74
951,336,54
952,292,25
953,385,19
954,4,46
955,785,53
956,969,158
957,567,33
958,609,57
959,754,156
960,403,158
961,381,33
962,984,64
963,282,66
964,503,22
965,622,19
966,618,12
967,695,74
968,976,45
969,811,160
970,375,39
971,470,39
972,562,145
973,626,147
974,152,25
975,77,110
976,908,77
977,44,18
978,555,21
979,554,88
980,573,118
981,724,85
982,928,118
983,672,71
984,254,47
985,879,60
986,597,22
987,773,151
988,376,39
989,826,107
990,874,83
991,666,145
992,477,144
993,887,49
994,341,109
995,71,58
996,408,38
997,49,67
998,53,59
999,46,62
1000,174,135
1001,173,38
1002,447,17
1003,922,143
1004,721,79
1005,657,123
1006,367,101
1007,323,118
1008,800,125
1009,671,138
1010,809,148
1011,637,103
1012,671,35
1013,124,68
1014,354,51
1015,42,89
1016,135,21
1017,991,14
1018,166,74
1019,425,153
1020,906,155
1021,277,68
1022,14,136
1023,325,29
1024,52,49
1025,12,127
1026,483,137
1027,812,32
1028,597,74
1029,627,47
1030,142,146
1031,682,52
1032,868,65
1033,929,141
1034,733,24
1035,482,40
1036,80,103
1037,672,28
1038,769,98
1039,214,105
1040,646,151
1041,359,10
1042,879,72
1043,93,121
1044,62,137
1045,799,145
1046,54,80
1047,953,25
1048,804,42
1049,503,155
1050,101,78
1051,227,96
1052,852,121
1053,656,50
1054,81,71
1055,878,126
1056,288,28
1057,389,22
1058,545,125
1059,969,121
1060,545,101
1061,429,55
1062,507,85
1063,979,101
1064,816,124
1065,380,135
1066,487,62
1067,230,143
1068,929,88
1069,319,141
1070,168,21
1071,243,33
1072,998,81
1073,491,32
1074,765,51
1075,482,135
1076,310,44
1077,32,96
1078,765,76
1079,517,159
1080,374,78
1081,433,72
1082,216,136
1083,680,10
1084,386,132
1085,537,55
1086,296,68
1087,413,28
1088,180,28
1089,541,74
1090,568,101
1091,816,43
1092,317,100
1093,142,18
1094,988,125
1095,792,52
1096,13,41
1097,764,14
1098,328,59
1099,508,108
1100,68,140
1101,55,23
1102,621,48
1103,653,99
1104,740,58
1105,156,155
1106,340,16
1107,665,145
1108,553,20
1109,949,68
1110,794,23
1111,306,149
1112,525,63
1113,798,94
1114,222,123
1115,571,132
1116,469,92
1117,739,111
1118,130,108
1119,538,65
1120,564,110
1121,486,120
1122,111,148
1123,831,66
1124,95,156
1125,577,158
1126,63,146
1127,467,133
1128,692,63
1129,58,49
1130,623,148
1131,157,33
1132,848,145
1133,2,100
1134,639,126
1135,136,160
1136,868,160
1137,93,107
1138,810,143
1139,178,58
1140,680,15
1141,268,68
1142,79,27
1143,511,105
1144,411,160
1145,645,108
1146,417,77
1147,33,52
1148,924,100
1149,704,24
1150,776,133
1151,318,66
1152,429,38
1153,808,20
1154,808,83
1155,380,152
1156,94,83
1157,691,138
1158,902,24
1159,522,67
1160,578,13
1161,988,52
1162,113,11
1163,823,135
1164,179,121
1165,429,125
1166,197,62
1167,240,107
1168,757,102
1169,469,104
1170,716,125
1171,118,106
1172,678,97
1173,878,66
1174,624,53
1175,433,12
1176,667,124
1177,834,33
1178,324,64
1179,583,46
1180,742,126
1181,862,69
1182,804,138
1183,722,66
1184,620,35
1185,974,137
1186,982,136
1187,864,80
1188,106,85
1189,254,61
1190,596,101
1191,758,28
1192,296,69
1193,619,157
1194,230,44
1195,751,94
1196,140,28
1197,585,67
1198,828,116
1199,522,152
1200,59,150
1201,659,54
1202,303,150
1203,159,63
1204,506,132
1205,858,152
1206,87,78
1207,693,57
1208,40,14
1209,84,140
1210,451,50
1211,441,86
1212,594,30
1213,738,146
1214,7,142
1215,649,23
1216,802,97
1217,352,52
1218,743,114
1219,863,120
1220,54,52
1221,345,81
1222,78,128
1223,331,155
1224,23,65
1225,654,87
1226,681,73
1227,528,124
1228,520,147
1229,199,111
1230,783,27
1231,965,154
1232,522,45
1233,334,81
1234,167,77
1235,522,73
1236,914,140
1237,234,62
1238,625,106
1239,827,135
1240,560,58
1241,356,89
1242,429,139
1243,869,147
1244,920,75
1245,494,98
1246,896,44
1247,343,18
1248,223,107
1249,804,98
1250,298,87
1251,72,90
1252,355,42
1253,187,70
1254,793,66
1255,178,27
1256,99,88
1257,694,60
1258,738,131
1259,320,123
1260,496,110
1261,367,56
1262,759,135
1263,309,148
1264,941,86
1265,914,158
1266,994,97
1267,175,140
1268,236,74
1269,916,97
1270,237,138
1271,759,45
1272,860,102
1273,454,52
1274,673,102
1275,87,156
1276,412,143
1277,84,113
1278,175,102
1279,834,95
1280,230,41
1281,584,91
1282,862,137
1283,120,65
1284,542,58
1285,805,124
1286,956,124
1287,616,84
1288,107,97
1289,622,121
1290,409,56
1291,526,78
1292,869,154
1293,436,51
1294,513,106
1295,176,48
1296,212,92
1297,670,146
1298,757,115
1299,826,125
1300,112,129
1301,167,87
1302,588,30
1303,755,87
1304,737,42
1305,98,87
1306,525,26
1307,267,150
1308,229,11
1309,54,43
1310,199,53
1311,959,115
1312,601,158
1313,627,150
1314,358,72
1315,32,13
1316,430,86
1317,798,101
1318,70,87
1319,309,78
1320,496,80
1321,413,18
1322,111,70
1323,263,86
1324,235,112
1325,264,18
1326,24,51
1327,783,95
1328,154,107
1329,608,38
1330,110,141
1331,228,88
1332,612,76
1333,112,11
1334,363,155
1335,334,150
1336,41,14
1337,987,129
1338,641,83
1339,417,97
1340,500,84
1341,73,46
1342,710,152
1343,437,104
1344,448,93
1345,537,120
1346,235,127
1347,989,47
1348,90,121
1349,961,102
1350,860,128
1351,216,138
1352,630,116
1353,171,155
1354,282,27
1355,890,51
1356,806,92
1357,497,14
1358,929,47
1359,507,58
1360,163,18
1361,266,37
1362,787,17
1363,735,136
1364,465,75
1365,908,80
1366,432,101
1367,315,85
1368,265,107
1369,315,101
1370,147,37
1371,286,97
1372,482,124
1373,864,131
1374,995,108
1375,110,67
1376,481,49
1377,251,58
1378,775,111
1379,153,94
1380,108,106
1381,410,138
1382,281,130
1383,606,136
1384,925,57
1385,176,74
1386,883,33
1387,331,41
1388,757,52
1389,731,92
1390,956,112
1391,347,34
1392,698,61
1393,466,10
1394,835,112
1395,22,153
1396,498,127
1397,970,16
1398,583,155
1399,422,147
1400,974,17
1401,702,133
1402,431,146
1403,392,94
1404,609,85
1405,412,77
1406,581,67
1407,499,118
1408,497,112
1409,458,63
1410,214,158
1411,696,85
1412,22,36
1413,144,133
1414,588,132
1415,709,34
1416,991,45
1417,726,80
1418,282,106
1419,776,34
1420,519,96
1421,368,61
1422,348,79
1423,481,64
1424,857,59
1425,789,63
1426,255,116
1427,23,33
1428,867,116
1429,833,109
1430,369,58
1431,715,39
1432,573,159
1433,91,155
1434,408,30
1435,464,62
1436,326,50
1437,520,79
1438,353,30
1439,544,137
1440,390,65
1441,741,30
1442,452,84
1443,737,14
1444,853,56
1445,180,87
1446,838,136
1447,916,147
1448,482,118
1449,675,118
1450,754,133
1451,793,14
1452,240,143
1453,32,39
1454,645,139
1455,55,67
1456,125,81
1457,199,106
1458,815,46
1459,725,29
1460,191,23
1461,607,22
1462,955,54
1463,369,18
1464,196,127
1465,529,13
1466,983,152
1467,882,26
1468,961,127
1469,739,41
1470,631,132
1471,537,58
1472,968,137
1473,181,103
1474,471,39
1475,801,69
1476,86,56
1477,86,150
1478,685,158
1479,806,23
1480,6,142
1481,433,127
1482,777,34
1483,685,145
1484,435,93
1485,320,133
1486,776,122
1487,360,26
1488,36,82
1489,398,101
1490,962,136
1491,65,19
1492,609,14
1493,760,84
1494,742,146
1495,703,89
1496,335,65
1497,764,130
1498,185,156
1499,154,25
1500,865,56
1501,371,41
1502,244,78
1503,792,45
1504,365,13
1505,637,52
1506,276,103
1507,72,126
1508,587,39
1509,273,138
1510,789,113
1511,394,114
1512,482,16
1513,331,12
1514,207,76
1515,981,83
1516,503,138
1517,514,83
1518,751,35
1519,885,148
1520,619,85
1521,868,103
1522,56,142
1523,679,12
1524,924,29
1525,477,58
1526,348,145
1527,101,141
1528,206,53
1529,837,21
1530,337,156
1531,161,124
1532,321,16
1533,324,83
1534,668,34
1535,912,46
1536,12,97
1537,182,84
1538,299,33
1539,184,142
1540,320,65
1541,999,139
1542,962,153
1543,749,35
1544,225,109
1545,191,32
1546,590,106
1547,358,107
1548,55,73
1549,914,50
1550,735,35
1551,432,119
1552,96,26
1553,753,121
1554,940,14
1555,415,66
1556,789,131
1557,15,152
1558,551,44
1559,792,154
1560,975,112
1561,586,45
1562,526,138
1563,170,34
1564,624,130
1565,918,153
1566,695,130
1567,955,100
1568,626,102
1569,999,41
1570,507,80
1571,608,106
1572,999,26
1573,48,22
1574,815,151
1575,43,145
1576,127,69
1577,979,86
1578,786,105
1579,844,132
1580,250,47
1581,127,149
1582,856,145
1583,798,35
1584,385,58
1585,488,75
1586,572,137
1587,894,57
1588,929,82
1589,766,18
1590,135,134
1591,116,156
1592,832,131
1593,658,154
1594,123,37
1595,323,95
1596,198,34
1597,591,103
1598,376,71
1599,438,143
1600,8,96
1601,479,131
1602,521,65
1603,729,62
1604,378,82
1605,314,43
1606,761,86
1607,679,102
1608,801,49
1609,459,149
1610,37,159
1611,748,70
1612,375,55
1613,182,12
1614,743,12
1615,542,96
1616,646,121
1617,73,114
1618,304,136
1619,689,160
1620,847,77
1621,621,77
1622,873,54
1623,594,117
1624,205,36
1625,130,28
1626,919,132
1627,430,132
1628,199,53
1629,423,44
1630,285,79
1631,232,11
1632,606,63
1633,462,151
1634,94,141
1635,52,71
1636,166,151
1637,278,25
1638,716,49
1639,486,10
1640,457,102
1641,918,50
1642,445,117
1643,150,47
1644,269,137
1645,727,153
1646,801,139
1647,868,84
1648,638,146
1649,157,153
1650,692,117
1651,25,67
1652,937,152
1653,157,141
1654,206,118
1655,373,124
1656,978,24
1657,952,97
1658,228,51
1659,951,105
1660,513,92
1661,20,18
1662,371,58
1663,208,111
1664,891,42
1665,912,154
1666,46,49
1667,311,141
1668,604,63
1669,634,109
1670,441,132
1671,504,107
1672,926,13
1673,246,135
1674,167,154
1675,911,52
1676,112,94
1677,921,55
1678,781,136
1679,129,91
1680,116,135
1681,371,85
1682,505,50
1683,715,130
1684,165,52
1685,179,128
1686,861,63
1687,35,70
1688,291,116
1689,651,121
1690,521,95
1691,441,46
1692,830,21
1693,101,139
1694,1000,87
1695,936,129
1696,37,58
1697,222,121
1698,271,135
1699,234,157
1700,54,152
1701,853,154
1702,158,85
1703,409,155
1704,497,152
1705,873,30
1706,928,142
1707,202,117
1708,513,115
1709,720,121
1710,415,93
1711,881,139
1712,602,140
1713,820,139
1714,152,111
1715,490,100
1716,241,60
1717,629,86
1718,257,79
1719,159,148
1720,600,28
1721,97,89
1722,573,126
1723,616,73
1724,168,114
1725,568,121
1726,415,112
1727,13,56
1728,237,36
1729,752,94
1730,320,121
1731,928,80
1732,889,68
1733,537,120
1734,711,104
1735,975,73
1736,793,38
1737,967,105
1738,319,50
1739,545,151
1740,704,160
1741,538,122
1742,320,26
1743,451,153
1744,365,55
1745,541,59
1746,692,104
1747,7,57
1748,865,80
1749,980,99
1750,290,119
1751,857,88
1752,867,92
1753,746,26
1754,636,93
1755,182,64
1756,144,50
1757,450,85
1758,423,14
1759,370,145
1760,798,151
1761,980,134
1762,417,50
1763,48,110
1764,963,139
1765,338,137
1766,815,121
1767,589,48
1768,545,134
1769,968,84
1770,134,52
1771,394,153
1772,257,19
1773,340,46
1774,880,109
1775,171,124
1776,821,98
1777,313,84
1778,375,33
1779,930,99
1780,351,98
1781,569,149
1782,110,117
1783,432,43
1784,50,21
1785,691,126
1786,650,106
1787,800,75
1788,581,108
1789,688,29
1790,207,51
1791,756,17
1792,641,62
1793,267,137
1794,537,102
1795,273,38
1796,288,57
1797,790,32
1798,677,122
1799,267,109
1800,844,125
1801,480,94
1802,21,93
1803,425,42
1804,719,82
1805,854,148
1806,747,100
1807,53,47
1808,174,141
1809,44,69
1810,944,15
1811,135,31
1812,529,36
1813,431,154
1814,710,19
1815,950,27
1816,921,72
1817,20,123
1818,863,98
1819,720,25
1820,648,97
1821,326,25
1822,685,125
1823,344,124
1824,75,23
1825,79,150
1826,903,55
1827,779,127
1828,450,64
1829,878,13
1830,260,118
1831,847,124
1832,532,146
1833,782,42
1834,70,134
1835,325,29
1836,179,96
1837,834,155
1838,61,54
1839,917,102
1840,971,45
1841,180,125
1842,345,46
1843,7,69
1844,17,106
1845,593,58
1846,557,98
1847,834,81
1848,753,14
1849,560,52
1850,452,101
1851,456,142
1852,122,137
1853,957,12
1854,680,84
1855,187,137
1856,787,52
1857,249,20
1858,17,147
1859,809,130
1860,962,150
1861,775,45
1862,657,152
1863,696,128
1864,662,51
1865,60,120
1866,956,63
1867,816,80
1868,220,115
1869,747,99
1870,122,114
1871,135,47
1872,711,104
1873,307,151
1874,293,70
1875,606,88
1876,989,128
1877,905,64
1878,400,105
1879,664,94
1880,754,109
1881,513,67
1882,878,129
1883,629,69
1884,311,129
1885,480,15
1886,325,55
1887,272,85
1888,523,105
1889,65,19
1890,998,59
1891,452,24
1892,676,82
1893,999,111
1894,933,155
1895,174,28
1896,344,21
1897,799,154
1898,92,26
1899,121,99
1900,300,75
1901,110,93
1902,138,40
1903,155,102
1904,369,139
1905,309,32
1906,17,133
1907,441,138
1908,890,10
1909,405,142
1910,705,29
1911,713,22
1912,391,80
1913,264,104
1914,54,138
1915,36,58
1916,795,62
1917,462,131
1918,530,147
1919,433,34
1920,395,143
1921,9,45
1922,647,75
1923,522,121
1924,445,50
1925,677,129
1926,940,143
1927,395,42
1928,265,64
1929,510,86
1930,605,83
1931,915,27
1932,558,116
1933,412,128
1934,536,73
1935,783,72
1936,25,137
1937,568,61
1938,462,132
1939,402,108
1940,720,121
1941,54,40
1942,291,33
1943,911,32
1944,584,69
1945,102,21
1946,909,15
1947,529,11
1948,628,45
1949,4,101
1950,689,26
1951,999,136
1952,233,11
1953,36,122
1954,593,93
1955,160,87
1956,821,99
1957,590,109
1958,238,133
1959,657,137
1960,198,150
1961,710,36
1962,245,101
1963,370,135
1964,907,125
1965,48,28
1966,182,64
1967,733,43
1968,129,156
1969,175,71
1970,720,86
1971,183,14
1972,658,130
1973,651,149
1974,89,89
1975,54,30
1976,822,143
1977,130,76
1978,429,89
1979,26,160
1980,5,98
1981,365,111
1982,334,90
1983,663,131
1984,122,67
1985,269,21
1986,155,64
1987,913,133
1988,855,131
1989,67,120
1990,404,73
1991,515,45
1992,894,111
1993,998,152
1994,391,132
1995,211,75
1996,14,69
1997,768,48
1998,414,147
1999,236,43
