sub_id,customer_id,account_id,plan_id,device_id,sim_id,phone_number
1,1,1,5,1,1,001-862-713-2508x628
2,2,2,4,2,2,(443)747-6088x2309
3,3,3,5,3,3,+1-872-589-4673
4,4,4,3,4,4,363-930-8460
5,5,5,3,5,5,(262)680-3364
6,6,6,1,6,6,+1-374-891-1634x30310
7,7,7,5,7,7,(736)962-2845x54140
8,8,8,1,8,8,+1-862-329-5110x848
9,9,9,5,9,9,8662002604
10,10,10,3,10,10,+1-617-349-5389x1624
11,11,11,2,11,11,5664788457
12,12,12,1,12,12,565-702-4238
13,13,13,4,13,13,240-471-1072x985
14,14,14,1,14,14,705.506.6714
15,15,15,3,15,15,731.671.4795
16,16,16,5,16,16,001-312-798-2492x2028
17,17,17,1,17,17,+1-420-889-5217x6801
18,18,18,4,18,18,+1-362-550-5073x249
19,19,19,2,19,19,+1-843-403-2502x749
20,20,20,3,20,20,883.784.4037
21,21,21,1,21,21,539-299-4285x803
22,22,22,4,22,22,764.214.8632x90850
23,23,23,3,23,23,001-948-471-5905x18237
24,24,24,4,24,24,509-307-4447
25,25,25,2,25,25,001-617-817-4003x456
26,26,26,1,26,26,873-874-4966x60723
27,27,27,5,27,27,001-804-574-1208x1803
28,28,28,5,28,28,825.228.9404x39351
29,29,29,2,29,29,(869)657-7526
30,30,30,3,30,30,+1-303-916-3678
31,31,31,3,31,31,524-581-3537x64298
32,32,32,1,32,32,2397539526
33,33,33,3,33,33,329.687.3401
34,34,34,1,34,34,+1-697-247-5473x770
35,35,35,3,35,35,001-767-981-9456
36,36,36,3,36,36,839.361.0340x573
37,37,37,4,37,37,6805417569
38,38,38,4,38,38,8723188771
39,39,39,5,39,39,(758)972-3634x1104
40,40,40,3,40,40,+1-367-412-6572
41,41,41,4,41,41,001-391-827-8988x52499
42,42,42,3,42,42,9845158553
43,43,43,5,43,43,7438763185
44,44,44,2,44,44,207.216.9448x1440
45,45,45,3,45,45,001-240-975-6023x1064
46,46,46,4,46,46,001-997-529-6822x88542
47,47,47,3,47,47,001-844-897-9925x1973
48,48,48,2,48,48,+1-554-475-8783x7105
49,49,49,5,49,49,(390)967-7185x360
50,50,50,1,50,50,330-840-2560x0413
51,51,51,4,51,51,+1-367-975-2707x12797
52,52,52,1,52,52,(335)906-4272x99043
53,53,53,1,53,53,001-867-562-2702x5431
54,54,54,1,54,54,001-715-884-6472
55,55,55,4,55,55,2468782036
56,56,56,1,56,56,001-915-550-2613x409
57,57,57,4,57,57,722-606-6766
58,58,58,2,58,58,+1-505-432-4216x9435
59,59,59,2,59,59,561.478.0581x38057
60,60,60,5,60,60,736-778-8645
61,61,61,3,61,61,(761)951-0705
62,62,62,3,62,62,9526950868
63,63,63,4,63,63,812-435-9989x6258
64,64,64,4,64,64,(935)960-0625x5151
65,65,65,2,65,65,001-451-993-7849x531
66,66,66,1,66,66,844.458.0197
67,67,67,4,67,67,734-461-6461
68,68,68,2,68,68,001-265-332-2247x081
69,69,69,3,69,69,681-529-7198x840
70,70,70,1,70,70,248.212.6817x930
71,71,71,1,71,71,588-699-0580x81403
72,72,72,1,72,72,001-805-208-1056x358
73,73,73,1,73,73,+1-321-431-1669x4602
74,74,74,2,74,74,867-464-2812x5983
75,75,75,3,75,75,3744988495
76,76,76,1,76,76,(909)320-3314x6565
77,77,77,4,77,77,001-666-557-8130x49950
78,78,78,3,78,78,596.441.6450x86295
79,79,79,1,79,79,001-323-507-2487x64126
80,80,80,4,80,80,+1-595-557-4586x18058
81,81,81,4,81,81,308-435-4427x8859
82,82,82,4,82,82,7698656932
83,83,83,4,83,83,(376)422-3683
84,84,84,3,84,84,253.441.8399x5578
85,85,85,1,85,85,(480)617-7106
86,86,86,5,86,86,(302)669-4473x534
87,87,87,3,87,87,001-939-210-3231x866
88,88,88,5,88,88,(567)647-7201x10408
89,89,89,3,89,89,978.926.0187
90,90,90,1,90,90,+1-453-434-2253x939
91,91,91,4,91,91,725-277-7277x457
92,92,92,3,92,92,(618)885-2114
93,93,93,2,93,93,9366383968
94,94,94,1,94,94,(604)975-9835
95,95,95,2,95,95,001-770-669-3928x53202
96,96,96,5,96,96,(816)579-4677x81898
97,97,97,3,97,97,001-361-739-5945x921
98,98,98,2,98,98,001-872-435-0194x7377
99,99,99,3,99,99,(938)496-5499x7791
100,100,100,1,100,100,(400)881-0014
101,101,101,4,101,101,+1-669-206-2515x75951
102,102,102,5,102,102,001-767-910-8004
103,103,103,5,103,103,(742)427-4966
104,104,104,2,104,104,+1-748-330-5171x972
105,105,105,1,105,105,(734)933-5367
106,106,106,1,106,106,+1-377-273-4265x87503
107,107,107,1,107,107,897-391-4077x1280
108,108,108,5,108,108,+1-399-907-4666x97472
109,109,109,3,109,109,224-535-6683
110,110,110,3,110,110,(953)869-5255
111,111,111,3,111,111,635.907.8107x2839
112,112,112,3,112,112,(346)812-6149x9363
113,113,113,4,113,113,(775)364-4390
114,114,114,3,114,114,+1-295-766-3006x3621
115,115,115,5,115,115,+1-716-540-7870x48113
116,116,116,1,116,116,001-873-996-5272x959
117,117,117,5,117,117,470.855.4899x071
118,118,118,2,118,118,+1-591-554-8270x029
119,119,119,2,119,119,001-513-826-8937x46021
120,120,120,4,120,120,001-488-741-5771x29184
121,121,121,2,121,121,495-461-7655
122,122,122,5,122,122,855.528.5870
123,123,123,4,123,123,4229829335
124,124,124,5,124,124,697.915.3596x47268
125,125,125,2,125,125,364-755-0728x310
126,126,126,4,126,126,001-308-280-8756x4505
127,127,127,1,127,127,880-310-8867x97447
128,128,128,5,128,128,001-637-888-6636
129,129,129,5,129,129,001-453-433-4774x96337
130,130,130,2,130,130,001-662-581-9150x237
131,131,131,3,131,131,+1-673-245-0521
132,132,132,5,132,132,604-772-6097x96291
133,133,133,2,133,133,001-777-336-6098
134,134,134,1,134,134,+1-981-774-7366x539
135,135,135,2,135,135,674.689.5571x31984
136,136,136,2,136,136,001-996-916-3952x5747
137,137,137,3,137,137,737-821-2384x877
138,138,138,1,138,138,991-589-8755
139,139,139,2,139,139,(729)600-0590
140,140,140,4,140,140,(317)536-5854x059
141,141,141,1,141,141,542-246-2712x393
142,142,142,2,142,142,001-865-433-5359x75980
143,143,143,1,143,143,421.996.0878x75788
144,144,144,3,144,144,576.830.9773
145,145,145,4,145,145,(660)797-9785x5004
146,146,146,5,146,146,+1-407-429-6290x10793
147,147,147,4,147,147,(652)378-2546x3059
148,148,148,2,148,148,001-456-671-1775x3987
149,149,149,4,149,149,+1-758-719-8708x8407
150,150,150,2,150,150,001-738-205-3659x72683
151,151,151,3,151,151,001-370-751-3069x67212
152,152,152,3,152,152,(483)387-0278x5379
153,153,153,3,153,153,292-741-3717x3063
154,154,154,3,154,154,530.868.4836x81672
155,155,155,5,155,155,(656)306-7755x95735
156,156,156,4,156,156,4577725040
157,157,157,5,157,157,001-489-588-1085x587
158,158,158,4,158,158,678-345-7208x02410
159,159,159,3,159,159,(807)349-3166x081
160,160,160,5,160,160,655-966-1340
161,161,161,4,161,161,+1-950-200-4584x08922
162,162,162,3,162,162,(299)506-4949x3565
163,163,163,5,163,163,+1-363-983-6472x2455
164,164,164,2,164,164,6838351424
165,165,165,5,165,165,(839)900-0453x9804
166,166,166,5,166,166,+1-925-514-0961x7099
167,167,167,4,167,167,370-598-1668
168,168,168,5,168,168,3387469128
169,169,169,4,169,169,7169454662
170,170,170,2,170,170,812.953.6127
171,171,171,3,171,171,(222)995-7947x4508
172,172,172,4,172,172,273-631-5716
173,173,173,3,173,173,(261)644-7165
174,174,174,5,174,174,615-726-4458x296
175,175,175,1,175,175,819-413-7804x987
176,176,176,3,176,176,7934837396
177,177,177,5,177,177,427-860-7414x6440
178,178,178,3,178,178,001-513-453-4255x561
179,179,179,1,179,179,(421)738-4155x10954
180,180,180,4,180,180,001-227-950-5688x08482
181,181,181,5,181,181,(471)526-3340
182,182,182,3,182,182,481.932.6727x3326
183,183,183,1,183,183,867.946.9588x194
184,184,184,1,184,184,+1-874-992-9449x9313
185,185,185,3,185,185,(872)966-8490x536
186,186,186,1,186,186,+1-283-720-3161x3177
187,187,187,2,187,187,340.738.8333
188,188,188,4,188,188,+1-218-301-6648x02362
189,189,189,4,189,189,+1-938-389-5311x543
190,190,190,4,190,190,(873)441-5910x660
191,191,191,5,191,191,465.404.6026
192,192,192,1,192,192,778-292-2518x2613
193,193,193,5,193,193,(821)408-4015x79970
194,194,194,4,194,194,001-898-810-9975x268
195,195,195,3,195,195,(208)936-8168x214
196,196,196,2,196,196,273.508.7143
197,197,197,1,197,197,+1-209-420-0562x607
198,198,198,2,198,198,+1-347-548-5798x8892
199,199,199,4,199,199,(573)481-5229
200,200,200,4,200,200,(597)625-4014
201,201,201,4,201,201,254.231.8864x5947
202,202,202,2,202,202,792.746.3669x8375
203,203,203,1,203,203,+1-204-258-3875x0077
204,204,204,5,204,204,001-531-572-1135x9804
205,205,205,1,205,205,215.369.6401
206,206,206,1,206,206,860-219-3352x0622
207,207,207,3,207,207,+1-693-216-4266x33161
208,208,208,1,208,208,+1-323-610-1717
209,209,209,3,209,209,274-705-1995x08190
210,210,210,4,210,210,(773)452-6359x51763
211,211,211,2,211,211,813-702-2867x106
212,212,212,4,212,212,001-360-624-9235x7774
213,213,213,3,213,213,001-405-971-7532
214,214,214,2,214,214,+1-399-875-2615x87898
215,215,215,4,215,215,001-383-417-1511x1424
216,216,216,3,216,216,684-354-6731x3717
217,217,217,2,217,217,001-706-969-5450
218,218,218,5,218,218,001-303-540-1176x1706
219,219,219,2,219,219,+1-401-212-7383x1817
220,220,220,4,220,220,257.396.5640
221,221,221,2,221,221,001-415-642-6078
222,222,222,1,222,222,316-643-4241
223,223,223,4,223,223,654.466.2482x2306
224,224,224,1,224,224,001-711-468-4603x8951
225,225,225,2,225,225,846.665.2174
226,226,226,1,226,226,333-516-4950x60541
227,227,227,2,227,227,813.746.3107x8907
228,228,228,3,228,228,660.918.8304x154
229,229,229,4,229,229,273-334-3597x3697
230,230,230,4,230,230,+1-568-952-5317x50409
231,231,231,1,231,231,9116859689
232,232,232,5,232,232,+1-409-352-9055x0957
233,233,233,2,233,233,347.826.6806x39924
234,234,234,2,234,234,+1-211-895-4062x7890
235,235,235,4,235,235,531.512.1795x92822
236,236,236,4,236,236,525-767-7250
237,237,237,3,237,237,001-561-462-7141x34277
238,238,238,2,238,238,457.237.4214
239,239,239,2,239,239,+1-942-307-9374x158
240,240,240,4,240,240,+1-794-725-0592x530
241,241,241,3,241,241,001-987-779-9364x273
242,242,242,3,242,242,723.381.6129x213
243,243,243,5,243,243,513-730-1075
244,244,244,2,244,244,001-402-546-9484x12322
245,245,245,2,245,245,(608)573-8570
246,246,246,4,246,246,001-513-970-8587
247,247,247,5,247,247,+1-221-531-6822x608
248,248,248,4,248,248,515.219.3178x449
249,249,249,5,249,249,574.973.8113
250,250,250,3,250,250,6492462455
251,251,251,3,251,251,670.305.3558x823
252,252,252,5,252,252,+1-918-908-2938x50284
253,253,253,5,253,253,001-382-758-7537
254,254,254,3,254,254,(841)553-3070x66670
255,255,255,3,255,255,001-531-919-1611x95530
256,256,256,4,256,256,313.940.3779
257,257,257,2,257,257,4372930618
258,258,258,5,258,258,8454820721
259,259,259,3,259,259,774-224-6847x325
260,260,260,2,260,260,001-265-929-9053x67912
261,261,261,5,261,261,(709)757-8903
262,262,262,4,262,262,7818996844
263,263,263,1,263,263,778-717-4420x54051
264,264,264,2,264,264,(274)209-2016x75993
265,265,265,5,265,265,834-914-0580
266,266,266,4,266,266,6912446548
267,267,267,2,267,267,7006400464
268,268,268,4,268,268,+1-276-683-4875x256
269,269,269,1,269,269,+1-999-824-6625
270,270,270,4,270,270,3133807951
271,271,271,2,271,271,(716)752-5081
272,272,272,2,272,272,+1-804-631-5071x741
273,273,273,2,273,273,976.231.0323x1976
274,274,274,2,274,274,(654)861-6844
275,275,275,2,275,275,001-364-558-9244
276,276,276,3,276,276,(981)413-7244
277,277,277,4,277,277,001-697-859-1448x94009
278,278,278,2,278,278,584-963-9248x87807
279,279,279,1,279,279,(476)749-7378x0534
280,280,280,1,280,280,991-687-1628
281,281,281,2,281,281,567.766.6091x919
282,282,282,1,282,282,(964)825-9931
283,283,283,1,283,283,001-370-285-6759
284,284,284,3,284,284,+1-356-639-6704x4777
285,285,285,4,285,285,7577702501
286,286,286,2,286,286,849-540-9985x7525
287,287,287,5,287,287,744.684.5557x6633
288,288,288,2,288,288,(405)909-5307
289,289,289,2,289,289,001-672-482-7695x8870
290,290,290,1,290,290,001-666-603-6698x0276
291,291,291,5,291,291,+1-829-343-5007
292,292,292,2,292,292,(353)377-7842x47164
293,293,293,3,293,293,(336)895-0725x9250
294,294,294,5,294,294,+1-515-269-7807x982
295,295,295,2,295,295,600.581.3349x0237
296,296,296,1,296,296,(269)324-9418
297,297,297,3,297,297,001-669-259-9112x946
298,298,298,5,298,298,611.882.8791
299,299,299,3,299,299,(895)811-2033x905
300,300,300,3,300,300,+1-469-642-3943x83754
301,301,301,5,301,301,(937)473-4850x3027
302,302,302,5,302,302,+1-817-993-1625x05532
303,303,303,1,303,303,+1-992-544-8372x687
304,304,304,3,304,304,001-988-994-9128x6728
305,305,305,5,305,305,878-869-1040x762
306,306,306,1,306,306,624-315-7318x02040
307,307,307,1,307,307,001-207-419-1294x337
308,308,308,3,308,308,(557)781-4963x55019
309,309,309,5,309,309,811.901.5845
310,310,310,1,310,310,513.370.0174
311,311,311,5,311,311,556.507.3021x737
312,312,312,1,312,312,+1-470-410-1492x621
313,313,313,4,313,313,001-840-206-1386x5496
314,314,314,5,314,314,(951)343-5804
315,315,315,2,315,315,580-304-5015
316,316,316,4,316,316,001-619-959-6027x693
317,317,317,3,317,317,796.260.5485x6257
318,318,318,2,318,318,322-946-4069x486
319,319,319,5,319,319,241-782-7711x48816
320,320,320,5,320,320,+1-401-897-5570
321,321,321,3,321,321,686.450.4441x4429
322,322,322,5,322,322,001-967-808-8050x1513
323,323,323,5,323,323,001-326-684-9704x24169
324,324,324,3,324,324,(807)368-1700
325,325,325,1,325,325,336-259-7239x766
326,326,326,5,326,326,341-271-5007x60175
327,327,327,5,327,327,7779842845
328,328,328,2,328,328,(418)567-7066x72192
329,329,329,5,329,329,791-943-0921x5272
330,330,330,4,330,330,+1-333-467-4089
331,331,331,5,331,331,+1-405-499-4476x98801
332,332,332,1,332,332,962-208-3610x88025
333,333,333,1,333,333,762-706-3703
334,334,334,4,334,334,+1-459-815-1676x166
335,335,335,5,335,335,(586)436-0253x687
336,336,336,1,336,336,2928254508
337,337,337,5,337,337,+1-540-697-8738x718
338,338,338,2,338,338,600-506-6584
339,339,339,1,339,339,001-993-200-4603x560
340,340,340,2,340,340,(749)537-5904x4790
341,341,341,2,341,341,4479027890
342,342,342,1,342,342,(745)613-0050x19857
343,343,343,2,343,343,438.780.8427x4062
344,344,344,4,344,344,4727553205
345,345,345,5,345,345,955-301-3524
346,346,346,5,346,346,578-387-5051
347,347,347,1,347,347,241.680.5141x20074
348,348,348,1,348,348,001-451-856-9933x2769
349,349,349,4,349,349,+1-599-247-3879
350,350,350,2,350,350,001-725-823-9060
351,351,351,4,351,351,960.571.2413
352,352,352,2,352,352,+1-649-512-5819x366
353,353,353,5,353,353,(343)765-3145x94568
354,354,354,1,354,354,9899514631
355,355,355,4,355,355,(533)302-3042x33388
356,356,356,5,356,356,+1-696-502-5092x70400
357,357,357,3,357,357,001-986-766-8470x72602
358,358,358,3,358,358,289.466.3680x5373
359,359,359,5,359,359,430.697.0199
360,360,360,4,360,360,870.575.1862x109
361,361,361,5,361,361,(878)328-1689x6006
362,362,362,1,362,362,(679)804-2528
363,363,363,1,363,363,980-968-1792x24199
364,364,364,4,364,364,2317080834
365,365,365,3,365,365,001-844-787-8904x8334
366,366,366,2,366,366,+1-367-226-0213
367,367,367,4,367,367,(266)540-5997x43087
368,368,368,2,368,368,282.653.7126x887
369,369,369,3,369,369,355-678-1373
370,370,370,5,370,370,(617)656-2479
371,371,371,5,371,371,731.978.2730
372,372,372,5,372,372,(762)908-4078x46401
373,373,373,2,373,373,746.462.1997x856
374,374,374,4,374,374,254-924-5866x72929
375,375,375,1,375,375,(326)779-4060
376,376,376,1,376,376,001-441-538-2738x68833
377,377,377,4,377,377,+1-898-462-2546
378,378,378,3,378,378,001-966-610-3565
379,379,379,1,379,379,+1-980-584-3714x9262
380,380,380,1,380,380,+1-850-360-0126x6460
381,381,381,5,381,381,790-691-0091x6659
382,382,382,2,382,382,243-700-1784x62742
383,383,383,5,383,383,(925)589-8730
384,384,384,2,384,384,(916)265-6910
385,385,385,5,385,385,+1-286-811-7134x0250
386,386,386,5,386,386,422-876-4349x465
387,387,387,4,387,387,+1-750-753-4774x11602
388,388,388,1,388,388,788.475.5987
389,389,389,2,389,389,2413552823
390,390,390,2,390,390,(543)403-2977x4443
391,391,391,2,391,391,001-645-978-6740
392,392,392,4,392,392,224.864.9728x341
393,393,393,3,393,393,410.509.9784x429
394,394,394,3,394,394,764-721-2826
395,395,395,3,395,395,+1-370-724-8910x557
396,396,396,2,396,396,001-684-234-5651x23434
397,397,397,4,397,397,001-670-580-6313x959
398,398,398,1,398,398,378-345-9073x12821
399,399,399,1,399,399,(664)921-8154
400,400,400,4,400,400,+1-789-237-7070
401,401,401,2,401,401,409.650.6263x276
402,402,402,1,402,402,001-632-965-7207x980
403,403,403,4,403,403,9787937987
404,404,404,2,404,404,(339)699-6369
405,405,405,4,405,405,(444)819-8385x792
406,406,406,5,406,406,(790)416-5159
407,407,407,3,407,407,547.387.1553x3317
408,408,408,4,408,408,+1-434-375-6196x17650
409,409,409,4,409,409,7009278649
410,410,410,1,410,410,8055125380
411,411,411,5,411,411,490-953-7693
412,412,412,4,412,412,+1-592-374-6226x8975
413,413,413,3,413,413,952-743-8720
414,414,414,1,414,414,893.614.4494x199
415,415,415,3,415,415,796-924-3840x92771
416,416,416,5,416,416,468.750.7051
417,417,417,2,417,417,210-931-8672
418,418,418,5,418,418,(991)844-5661x966
419,419,419,1,419,419,2154043401
420,420,420,3,420,420,(455)976-4756x6573
421,421,421,2,421,421,541.205.0685x9023
422,422,422,4,422,422,+1-546-921-4706x165
423,423,423,3,423,423,905.334.2890
424,424,424,2,424,424,+1-262-893-0961x5071
425,425,425,2,425,425,(316)390-3670x5904
426,426,426,3,426,426,997.279.6319x946
427,427,427,3,427,427,001-396-408-7496
428,428,428,4,428,428,(698)930-8788
429,429,429,3,429,429,898.888.2437x596
430,430,430,4,430,430,(974)382-3009
431,431,431,4,431,431,347-759-5013x36721
432,432,432,1,432,432,(378)514-0828x2464
433,433,433,4,433,433,816.550.9423x159
434,434,434,4,434,434,281.231.9151x8136
435,435,435,3,435,435,379-704-6449x405
436,436,436,3,436,436,393-394-2789
437,437,437,4,437,437,+1-326-689-0098x606
438,438,438,3,438,438,216-866-1177x2942
439,439,439,1,439,439,908.905.8582x4049
440,440,440,5,440,440,001-795-372-4003x031
441,441,441,4,441,441,001-686-917-5989x6224
442,442,442,1,442,442,(241)394-9583x25199
443,443,443,4,443,443,9269334922
444,444,444,5,444,444,001-770-785-9426x823
445,445,445,1,445,445,734-748-2138x011
446,446,446,2,446,446,469.541.5139x8553
447,447,447,5,447,447,450.583.9731x7525
448,448,448,3,448,448,(943)842-1395
449,449,449,1,449,449,762-280-7335x00645
450,450,450,1,450,450,782-994-0782x8625
451,451,451,3,451,451,001-229-237-0625x8736
452,452,452,5,452,452,(258)322-6231x675
453,453,453,2,453,453,653-927-0341
454,454,454,3,454,454,956.288.6371x3799
455,455,455,2,455,455,805.738.2898x12239
456,456,456,1,456,456,453.476.4451x256
457,457,457,3,457,457,(808)334-6442
458,458,458,5,458,458,580.671.8606
459,459,459,1,459,459,810-268-3829x21629
460,460,460,2,460,460,827-785-7103x6305
461,461,461,2,461,461,+1-462-250-9694x1235
462,462,462,4,462,462,+1-488-586-0811x07149
463,463,463,1,463,463,001-660-636-8085x884
464,464,464,4,464,464,872.513.2677
465,465,465,2,465,465,+1-631-591-8043
466,466,466,4,466,466,4973975684
467,467,467,2,467,467,+1-418-301-8747
468,468,468,2,468,468,001-531-212-6597x460
469,469,469,2,469,469,(231)621-7817
470,470,470,5,470,470,(332)775-8881
471,471,471,4,471,471,+1-420-863-0416x527
472,472,472,2,472,472,289-210-9531
473,473,473,2,473,473,479-525-1362
474,474,474,3,474,474,+1-301-637-0209
475,475,475,5,475,475,2149696136
476,476,476,2,476,476,727.520.4509x8063
477,477,477,4,477,477,735.301.6262
478,478,478,1,478,478,7493461730
479,479,479,3,479,479,001-451-633-2096x7309
480,480,480,1,480,480,7745135966
481,481,481,2,481,481,690.536.3857
482,482,482,4,482,482,691.395.8000
483,483,483,4,483,483,(826)775-0146x8314
484,484,484,4,484,484,8036945584
485,485,485,2,485,485,+1-820-718-1902x3201
486,486,486,1,486,486,398-989-0609
487,487,487,3,487,487,001-850-375-1926x77504
488,488,488,4,488,488,(422)284-3965x6887
489,489,489,2,489,489,(704)587-1036
490,490,490,5,490,490,776-541-4427x1974
491,491,491,1,491,491,245-495-5080
492,492,492,2,492,492,+1-990-469-5473x5642
493,493,493,5,493,493,001-443-661-0909
494,494,494,1,494,494,608-314-6470x23607
495,495,495,3,495,495,606.302.2525x5313
496,496,496,1,496,496,662.228.0954x175
497,497,497,4,497,497,463-379-0584
498,498,498,2,498,498,839.733.9691x082
499,499,499,2,499,499,(712)806-4646x76478
500,500,500,2,500,500,(550)484-5014
501,501,501,1,501,501,(770)799-2861x028
502,502,502,1,502,502,001-714-338-2552x03286
503,503,503,4,503,503,+1-219-780-5283
504,504,504,5,504,504,506.673.0830
505,505,505,1,505,505,3162776921
506,506,506,5,506,506,207-819-7095x74454
507,507,507,4,507,507,001-614-538-7673
508,508,508,3,508,508,955-467-6959
509,509,509,3,509,509,001-662-563-2732
510,510,510,4,510,510,303.591.9056x6514
511,511,511,1,511,511,330-876-8329x8768
512,512,512,5,512,512,4515917024
513,513,513,5,513,513,(537)643-7380x13184
514,514,514,1,514,514,335-371-6826
515,515,515,5,515,515,947-962-0734
516,516,516,2,516,516,001-835-741-4556x47311
517,517,517,1,517,517,001-626-563-7008
518,518,518,3,518,518,+1-330-814-8578
519,519,519,4,519,519,(660)688-0418x902
520,520,520,4,520,520,(928)582-6173x4608
521,521,521,4,521,521,001-563-214-9318x13722
522,522,522,5,522,522,950-830-8349x1164
523,523,523,5,523,523,492-473-8681x337
524,524,524,2,524,524,+1-578-218-1553x9258
525,525,525,4,525,525,(513)667-1603
526,526,526,2,526,526,678-276-0287
527,527,527,4,527,527,826.948.8105x0391
528,528,528,1,528,528,+1-712-588-3793
529,529,529,1,529,529,001-708-522-7814x69539
530,530,530,5,530,530,001-369-782-3207x24861
531,531,531,4,531,531,(323)606-7801x94670
532,532,532,3,532,532,001-512-880-4471x208
533,533,533,3,533,533,(548)974-8562
534,534,534,1,534,534,+1-886-217-3277
535,535,535,5,535,535,001-863-795-1368x990
536,536,536,4,536,536,001-774-816-9843x66337
537,537,537,3,537,537,001-418-645-3577x77859
538,538,538,3,538,538,583-861-8837x44892
539,539,539,4,539,539,8429445025
540,540,540,5,540,540,+1-802-317-8295x9881
541,541,541,2,541,541,001-603-576-3294x0380
542,542,542,3,542,542,241.826.9808x6551
543,543,543,3,543,543,001-619-297-0783x93132
544,544,544,4,544,544,(875)794-2501
545,545,545,1,545,545,255.957.4863x281
546,546,546,5,546,546,+1-805-260-5573x84109
547,547,547,3,547,547,001-406-661-6153x17660
548,548,548,4,548,548,956-797-9181x4336
549,549,549,5,549,549,255.746.0683x426
550,550,550,5,550,550,838.882.4996
551,551,551,3,551,551,001-208-518-7588x0414
552,552,552,4,552,552,(234)487-4512x61937
553,553,553,1,553,553,(493)309-4431
554,554,554,1,554,554,245.957.9990
555,555,555,1,555,555,(856)568-7230
556,556,556,3,556,556,(957)983-7151x04136
557,557,557,2,557,557,567.995.9322x4967
558,558,558,4,558,558,496-275-5791
559,559,559,5,559,559,+1-445-840-2894x438
560,560,560,5,560,560,001-976-694-1366
561,561,561,5,561,561,001-588-368-9969x08786
562,562,562,5,562,562,618-935-9094x9044
563,563,563,4,563,563,827-307-2544x527
564,564,564,1,564,564,2959472874
565,565,565,5,565,565,219-539-1460x37828
566,566,566,4,566,566,968-799-1085x87770
567,567,567,4,567,567,8139993925
568,568,568,4,568,568,+1-874-863-1771x862
569,569,569,5,569,569,001-578-261-6338x6381
570,570,570,2,570,570,226.624.9864
571,571,571,2,571,571,(565)649-7705x3644
572,572,572,1,572,572,001-254-212-1762
573,573,573,5,573,573,228-293-4828
574,574,574,3,574,574,+1-892-205-3650x45686
575,575,575,5,575,575,6192233152
576,576,576,3,576,576,315-475-8427x686
577,577,577,5,577,577,379.633.3356x9420
578,578,578,1,578,578,657-366-1629x506
579,579,579,2,579,579,8317841732
580,580,580,2,580,580,(434)265-5461
581,581,581,2,581,581,284.367.2644
582,582,582,2,582,582,+1-689-428-9143x535
583,583,583,2,583,583,362-586-0781x38475
584,584,584,5,584,584,001-640-274-9185x0582
585,585,585,4,585,585,001-355-746-5120x69061
586,586,586,5,586,586,001-897-637-2530x31584
587,587,587,4,587,587,294.242.8054
588,588,588,3,588,588,001-923-519-5078
589,589,589,5,589,589,4534900343
590,590,590,4,590,590,(720)855-5562x8497
591,591,591,1,591,591,(278)733-9399x431
592,592,592,2,592,592,488-285-7878
593,593,593,5,593,593,+1-895-772-8397x83018
594,594,594,3,594,594,+1-998-246-0745x6256
595,595,595,2,595,595,927.718.8758
596,596,596,5,596,596,2986020752
597,597,597,1,597,597,(990)574-3906x4847
598,598,598,4,598,598,+1-920-324-4407x319
599,599,599,3,599,599,+1-990-411-2036
600,600,600,3,600,600,+1-916-394-2616x664
601,601,601,1,601,601,7794352756
602,602,602,2,602,602,001-508-431-3001x618
603,603,603,5,603,603,852-890-0741
604,604,604,5,604,604,001-843-908-6042x831
605,605,605,2,605,605,(232)846-4471
606,606,606,4,606,606,4603673778
607,607,607,5,607,607,918-210-0729x084
608,608,608,3,608,608,001-911-770-5647x6585
609,609,609,4,609,609,390.233.6759x479
610,610,610,5,610,610,001-899-793-7848
611,611,611,4,611,611,(630)580-4533
612,612,612,3,612,612,2494820700
613,613,613,2,613,613,(575)454-7539x6416
614,614,614,4,614,614,811-572-3035x82172
615,615,615,4,615,615,+1-730-280-4808x86112
616,616,616,4,616,616,343-806-5772x1127
617,617,617,4,617,617,410.898.1766x35215
618,618,618,5,618,618,637.811.0706x8686
619,619,619,3,619,619,001-541-947-3594x6895
620,620,620,3,620,620,525-725-7768x9977
621,621,621,1,621,621,366-603-2370
622,622,622,3,622,622,+1-509-250-7151x99632
623,623,623,2,623,623,+1-547-572-5961x1595
624,624,624,2,624,624,001-884-816-2906x28815
625,625,625,1,625,625,5306980518
626,626,626,1,626,626,249.936.3568
627,627,627,2,627,627,493.347.2441x676
628,628,628,4,628,628,+1-674-430-9647
629,629,629,1,629,629,+1-732-368-3487x092
630,630,630,2,630,630,(928)590-8454x82627
631,631,631,1,631,631,812.858.1287
632,632,632,4,632,632,940.841.9744
633,633,633,3,633,633,922-746-9685x16921
634,634,634,4,634,634,671-935-2845
635,635,635,1,635,635,2509057458
636,636,636,1,636,636,(864)287-8413x83127
637,637,637,2,637,637,683.335.9482x2452
638,638,638,3,638,638,(603)353-4176x5461
639,639,639,4,639,639,391-401-4739
640,640,640,1,640,640,001-383-458-4480
641,641,641,5,641,641,271.327.7156x853
642,642,642,4,642,642,+1-474-447-9408x03089
643,643,643,4,643,643,001-606-241-9965
644,644,644,5,644,644,(793)976-4526
645,645,645,4,645,645,(480)823-8656
646,646,646,4,646,646,2082059801
647,647,647,3,647,647,001-930-405-3782x868
648,648,648,2,648,648,001-420-530-7108x1692
649,649,649,1,649,649,001-297-966-2154x151
650,650,650,2,650,650,8275292942
651,651,651,4,651,651,783-749-2638x98749
652,652,652,4,652,652,+1-910-492-3355x885
653,653,653,5,653,653,934.763.8916x19055
654,654,654,4,654,654,202.696.1499
655,655,655,1,655,655,367-695-2027
656,656,656,5,656,656,648-911-8917x28458
657,657,657,1,657,657,794-200-9262x886
658,658,658,4,658,658,520.708.0570x1974
659,659,659,2,659,659,652.892.5556x808
660,660,660,2,660,660,+1-400-615-8123x624
661,661,661,1,661,661,+1-447-600-2519x067
662,662,662,1,662,662,001-946-609-5772x487
663,663,663,5,663,663,363.208.3572x890
664,664,664,3,664,664,6634474180
665,665,665,3,665,665,9225305975
666,666,666,2,666,666,768.728.7657
667,667,667,4,667,667,(825)686-8568x506
668,668,668,3,668,668,778.726.4871x30002
669,669,669,5,669,669,664-653-3479x852
670,670,670,1,670,670,270-841-4505x6337
671,671,671,4,671,671,+1-751-718-1961x387
672,672,672,3,672,672,994-922-9813x32419
673,673,673,3,673,673,001-611-280-1677x4360
674,674,674,2,674,674,001-885-692-7143
675,675,675,3,675,675,349.834.7688x9386
676,676,676,3,676,676,+1-318-877-6458x0843
677,677,677,3,677,677,+1-252-717-9005x3126
678,678,678,3,678,678,774-702-8459x58769
679,679,679,4,679,679,001-512-968-1307
680,680,680,5,680,680,518.635.9412
681,681,681,4,681,681,392-832-5802x45571
682,682,682,5,682,682,(874)535-1492
683,683,683,4,683,683,(470)323-1740
684,684,684,1,684,684,5606763443
685,685,685,5,685,685,+1-960-226-3356x41629
686,686,686,1,686,686,(352)915-1435
687,687,687,3,687,687,(736)485-0448
688,688,688,4,688,688,(502)235-4722x4055
689,689,689,4,689,689,001-761-413-9004x58927
690,690,690,5,690,690,540.587.0568
691,691,691,5,691,691,555-963-8598x18284
692,692,692,3,692,692,286-998-0055x7338
693,693,693,5,693,693,+1-226-360-9404x475
694,694,694,2,694,694,850.756.6558x990
695,695,695,2,695,695,+1-469-272-2324
696,696,696,2,696,696,930-306-3191x069
697,697,697,3,697,697,001-836-335-9114x2028
698,698,698,1,698,698,(423)628-6140
699,699,699,3,699,699,242-224-9224x30232
700,700,700,5,700,700,4136278928
701,701,701,2,701,701,+1-835-309-7913x53295
702,702,702,4,702,702,+1-976-929-4846x7640
703,703,703,5,703,703,001-253-961-4083
704,704,704,1,704,704,9905633602
705,705,705,2,705,705,856-472-6173
706,706,706,2,706,706,001-924-559-8977
707,707,707,1,707,707,+1-424-438-2146
708,708,708,5,708,708,(722)483-3813
709,709,709,5,709,709,001-323-659-0627x0940
710,710,710,5,710,710,212-545-2292x4567
711,711,711,2,711,711,001-535-904-6293
712,712,712,2,712,712,715-335-8338x789
713,713,713,5,713,713,001-790-253-0945x8759
714,714,714,3,714,714,325.872.3230x07086
715,715,715,3,715,715,+1-648-546-7475x291
716,716,716,1,716,716,001-756-450-8692x2702
717,717,717,4,717,717,+1-854-911-0556x24126
718,718,718,2,718,718,(880)694-0596x47033
719,719,719,2,719,719,(545)432-0654
720,720,720,3,720,720,(214)334-0371x52431
721,721,721,1,721,721,668-930-9531x22526
722,722,722,2,722,722,578-270-6764x4286
723,723,723,5,723,723,207.781.0101x244
724,724,724,1,724,724,(694)321-1874x9004
725,725,725,1,725,725,2076231492
726,726,726,2,726,726,001-493-306-4041
727,727,727,2,727,727,2705431055
728,728,728,2,728,728,858-287-8506
729,729,729,5,729,729,001-267-751-4148x35156
730,730,730,3,730,730,542-877-0215
731,731,731,3,731,731,315-611-1627
732,732,732,4,732,732,859.734.1061
733,733,733,3,733,733,9475255310
734,734,734,3,734,734,612.220.7250x8452
735,735,735,2,735,735,+1-586-509-6925
736,736,736,1,736,736,(301)409-9931x91400
737,737,737,1,737,737,001-697-419-2288x7415
738,738,738,4,738,738,(543)845-0266x427
739,739,739,1,739,739,+1-496-964-8110x5129
740,740,740,1,740,740,(543)806-7779
741,741,741,2,741,741,578.710.7082x408
742,742,742,4,742,742,433-515-7920
743,743,743,2,743,743,(861)262-0172x95126
744,744,744,4,744,744,+1-486-996-1108x40390
745,745,745,3,745,745,(273)860-8633x3995
746,746,746,5,746,746,(267)560-5508x0050
747,747,747,3,747,747,7697250980
748,748,748,4,748,748,(244)719-9412x43616
749,749,749,2,749,749,3293990761
750,750,750,4,750,750,001-349-983-6784x9032
751,751,751,2,751,751,649.511.7675x500
752,752,752,2,752,752,553.815.7522x9508
753,753,753,3,753,753,8399036748
754,754,754,4,754,754,(567)453-5153x474
755,755,755,3,755,755,308.212.0780x0378
756,756,756,3,756,756,303-820-8234
757,757,757,5,757,757,7993097578
758,758,758,3,758,758,(561)690-7644x4904
759,759,759,4,759,759,001-761-662-2277x2610
760,760,760,5,760,760,001-702-860-2846x55921
761,761,761,4,761,761,+1-986-649-9339
762,762,762,4,762,762,(839)318-0238x487
763,763,763,1,763,763,+1-744-943-3736x0908
764,764,764,1,764,764,237-294-7631x83429
765,765,765,4,765,765,(649)827-8523
766,766,766,1,766,766,001-215-312-1676x0896
767,767,767,3,767,767,6664589782
768,768,768,2,768,768,001-656-758-2938x5404
769,769,769,5,769,769,8398863834
770,770,770,4,770,770,+1-808-714-4986x029
771,771,771,5,771,771,228.931.5307
772,772,772,2,772,772,+1-219-504-8786x015
773,773,773,4,773,773,645.712.9829
774,774,774,5,774,774,418-733-7881x474
775,775,775,5,775,775,7742382039
776,776,776,2,776,776,+1-707-986-7755x0053
777,777,777,2,777,777,+1-960-636-7336x1424
778,778,778,4,778,778,851-363-2956
779,779,779,1,779,779,+1-448-924-3648x5178
780,780,780,5,780,780,+1-357-873-0614x60174
781,781,781,2,781,781,400-909-2568x3596
782,782,782,2,782,782,338.677.7654x02347
783,783,783,1,783,783,(713)474-0282x656
784,784,784,2,784,784,001-636-775-6275
785,785,785,4,785,785,+1-740-534-9893x97595
786,786,786,3,786,786,(842)720-9470x5447
787,787,787,1,787,787,739.401.8769x27043
788,788,788,1,788,788,571.758.3443x02997
789,789,789,5,789,789,842-240-2948x0468
790,790,790,4,790,790,+1-976-934-2724
791,791,791,5,791,791,315-778-7378
792,792,792,1,792,792,(316)621-7367x13873
793,793,793,5,793,793,8314916661
794,794,794,1,794,794,469-688-9676x2182
795,795,795,2,795,795,392.824.7686x707
796,796,796,4,796,796,714.489.5792x578
797,797,797,4,797,797,652.398.0093
798,798,798,5,798,798,373.345.4247
799,799,799,2,799,799,(358)222-1819x517
800,800,800,1,800,800,606.777.6931x316
801,801,801,4,801,801,283.536.4255
802,802,802,3,802,802,(733)321-0125x467
803,803,803,2,803,803,799-895-9770x3170
804,804,804,5,804,804,+1-525-783-2014
805,805,805,3,805,805,556-836-7988x3686
806,806,806,2,806,806,+1-544-449-8106x3267
807,807,807,4,807,807,+1-306-404-2942x9921
808,808,808,3,808,808,574-935-0697x820
809,809,809,4,809,809,(511)220-3829
810,810,810,4,810,810,350-859-5476
811,811,811,5,811,811,+1-206-780-3040
812,812,812,1,812,812,+1-946-680-1314x33605
813,813,813,5,813,813,421.311.5495
814,814,814,2,814,814,001-979-819-6909x13641
815,815,815,3,815,815,892-205-9483x60901
816,816,816,4,816,816,515-636-0964
817,817,817,2,817,817,(334)797-3200x960
818,818,818,3,818,818,453.605.3256
819,819,819,5,819,819,+1-788-788-0497x04648
820,820,820,2,820,820,(316)593-2405x741
821,821,821,2,821,821,(939)210-3891x667
822,822,822,4,822,822,+1-652-418-5868x043
823,823,823,1,823,823,001-700-988-9258
824,824,824,4,824,824,239.780.3703x77312
825,825,825,3,825,825,+1-986-694-8530
826,826,826,3,826,826,378.313.4095x14050
827,827,827,3,827,827,761.670.0048
828,828,828,2,828,828,001-712-534-8109x4525
829,829,829,5,829,829,001-996-225-5614x412
830,830,830,3,830,830,609-332-1529
831,831,831,3,831,831,761.411.4832x4096
832,832,832,4,832,832,+1-361-421-6694x81001
833,833,833,5,833,833,001-933-501-6796x556
834,834,834,2,834,834,(538)636-8414
835,835,835,4,835,835,262-728-0749x0538
836,836,836,3,836,836,001-495-709-4281x6836
837,837,837,5,837,837,772.310.8727x410
838,838,838,2,838,838,(779)781-5551x849
839,839,839,2,839,839,(996)543-5221
840,840,840,5,840,840,(284)424-8729
841,841,841,3,841,841,5296172651
842,842,842,3,842,842,(604)757-8131
843,843,843,4,843,843,001-362-353-0302x41300
844,844,844,5,844,844,514.964.4214
845,845,845,4,845,845,+1-878-205-5922x7702
846,846,846,3,846,846,001-849-876-9799x8725
847,847,847,2,847,847,+1-941-413-5076x4996
848,848,848,4,848,848,001-376-633-9680x071
849,849,849,4,849,849,450.452.2011x2704
850,850,850,2,850,850,001-359-833-2381x433
851,851,851,2,851,851,966-297-4469
852,852,852,1,852,852,911.498.9511x1578
853,853,853,2,853,853,890.237.1558
854,854,854,1,854,854,(664)823-6245
855,855,855,1,855,855,001-793-971-4787x5080
856,856,856,1,856,856,+1-611-478-4440x0274
857,857,857,3,857,857,843-979-3666x044
858,858,858,1,858,858,918-981-6182
859,859,859,4,859,859,+1-934-577-4967x8452
860,860,860,4,860,860,001-531-788-1567x541
861,861,861,1,861,861,255-679-7079x077
862,862,862,2,862,862,+1-955-430-0173x1412
863,863,863,4,863,863,(292)712-9856x724
864,864,864,2,864,864,(452)851-7748x565
865,865,865,1,865,865,224-637-4282x2022
866,866,866,4,866,866,806-749-6072
867,867,867,4,867,867,(801)948-7609
868,868,868,2,868,868,372.750.0932
869,869,869,3,869,869,(393)720-5065x0696
870,870,870,5,870,870,+1-684-345-2364
871,871,871,1,871,871,800-220-8967
872,872,872,5,872,872,806-923-2151x7519
873,873,873,3,873,873,001-529-360-5865
874,874,874,5,874,874,934-922-0704x310
875,875,875,1,875,875,(522)887-4995
876,876,876,4,876,876,242.386.0176x7873
877,877,877,4,877,877,513-705-2923
878,878,878,1,878,878,(223)877-5044
879,879,879,4,879,879,+1-332-444-8968x4604
880,880,880,3,880,880,(216)455-4279x33997
881,881,881,4,881,881,846-316-9047
882,882,882,2,882,882,2296654419
883,883,883,1,883,883,777.202.9670
884,884,884,1,884,884,656.723.7246
885,885,885,1,885,885,(504)485-1199x0656
886,886,886,3,886,886,(767)391-1178
887,887,887,4,887,887,(659)427-2916
888,888,888,4,888,888,001-822-392-5384x18757
889,889,889,3,889,889,265.972.2458x8366
890,890,890,1,890,890,001-983-534-0833
891,891,891,1,891,891,(215)992-6686x6808
892,892,892,5,892,892,001-456-953-0002
893,893,893,1,893,893,(209)536-0470x928
894,894,894,1,894,894,971.442.1374
895,895,895,4,895,895,493.992.2689x4954
896,896,896,3,896,896,(329)733-6983x24072
897,897,897,3,897,897,+1-281-661-8098x098
898,898,898,4,898,898,6937362724
899,899,899,4,899,899,(527)459-4267
900,900,900,1,900,900,001-372-822-1553x250
901,901,901,4,901,901,+1-393-829-7451x165
902,902,902,2,902,902,5868249513
903,903,903,1,903,903,(305)575-2966x47118
904,904,904,3,904,904,(607)823-9191
905,905,905,5,905,905,750-363-6985x16765
906,906,906,5,906,906,+1-666-797-6022x364
907,907,907,3,907,907,+1-414-837-0434x24916
908,908,908,5,908,908,417.377.4422
909,909,909,5,909,909,(242)519-7381
910,910,910,4,910,910,573-717-5102x958
911,911,911,3,911,911,7835327104
912,912,912,2,912,912,001-351-835-6343x1719
913,913,913,1,913,913,535.447.1543
914,914,914,3,914,914,641-776-8922x06829
915,915,915,4,915,915,001-380-828-4571x86919
916,916,916,3,916,916,001-325-549-9314x5365
917,917,917,1,917,917,386.813.6746
918,918,918,1,918,918,960-554-3370
919,919,919,3,919,919,(471)327-4706x9531
920,920,920,2,920,920,489.240.6972x967
921,921,921,4,921,921,918-762-9319x167
922,922,922,1,922,922,001-386-947-4019x2553
923,923,923,2,923,923,950-446-1614x38403
924,924,924,3,924,924,(475)745-7690x9414
925,925,925,4,925,925,+1-409-556-3603x85528
926,926,926,2,926,926,632-599-6783
927,927,927,1,927,927,(785)899-1977x638
928,928,928,4,928,928,001-492-925-4376x366
929,929,929,3,929,929,717-716-5359
930,930,930,4,930,930,794.450.6989
931,931,931,1,931,931,+1-748-663-0997x285
932,932,932,4,932,932,379-639-4314
933,933,933,5,933,933,(815)444-0967
934,934,934,4,934,934,228-557-4040x5277
935,935,935,3,935,935,(747)366-3077x997
936,936,936,1,936,936,+1-809-306-5194x07234
937,937,937,4,937,937,(204)411-7082x922
938,938,938,5,938,938,613-990-0295x01147
939,939,939,1,939,939,(999)505-5523
940,940,940,5,940,940,001-690-649-7574x568
941,941,941,4,941,941,(863)733-3884
942,942,942,5,942,942,490-634-8308
943,943,943,1,943,943,230-516-0644
944,944,944,1,944,944,(993)341-7733x430
945,945,945,2,945,945,+1-521-482-1606
946,946,946,5,946,946,218.467.8110
947,947,947,4,947,947,788.936.9702
948,948,948,1,948,948,+1-653-956-4411x935
949,949,949,4,949,949,001-528-663-9962x402
950,950,950,1,950,950,+1-220-231-7591x450
951,951,951,5,951,951,+1-339-257-2869x3953
952,952,952,4,952,952,(273)433-8276x5348
953,953,953,3,953,953,001-749-766-8992x385
954,954,954,5,954,954,001-420-210-1544x4847
955,955,955,3,955,955,940.951.8703x221
956,956,956,5,956,956,499-202-5498x39103
957,957,957,5,957,957,001-941-403-7281x029
958,958,958,5,958,958,+1-957-855-1263x700
959,959,959,1,959,959,001-433-302-2517x66689
960,960,960,3,960,960,(774)762-1334
961,961,961,3,961,961,+1-429-756-5621
962,962,962,2,962,962,+1-809-594-4147x537
963,963,963,3,963,963,001-878-725-6485x86476
964,964,964,2,964,964,+1-857-670-5186x50679
965,965,965,5,965,965,611-459-0592x56870
966,966,966,1,966,966,(846)597-9508x04660
967,967,967,4,967,967,428.450.4162x75020
968,968,968,2,968,968,821-523-8029x44627
969,969,969,5,969,969,614-787-4971x51295
970,970,970,3,970,970,001-389-838-5335x84999
971,971,971,5,971,971,001-953-759-5228
972,972,972,3,972,972,620-990-1817
973,973,973,2,973,973,811.214.9633
974,974,974,4,974,974,001-889-310-5045
975,975,975,1,975,975,+1-674-700-5975x834
976,976,976,4,976,976,+1-442-810-4208x418
977,977,977,4,977,977,749-307-8725x50541
978,978,978,2,978,978,+1-209-837-5770x796
979,979,979,1,979,979,669-541-3512
980,980,980,2,980,980,(495)459-5827x7069
981,981,981,1,981,981,(891)356-9490x60827
982,982,982,2,982,982,6027351209
983,983,983,2,983,983,001-669-515-7349
984,984,984,5,984,984,+1-656-333-7598
985,985,985,4,985,985,387.387.0188
986,986,986,3,986,986,333-679-5233
987,987,987,2,987,987,924.917.0712
988,988,988,5,988,988,001-296-433-8790x81322
989,989,989,2,989,989,(904)348-4351
990,990,990,4,990,990,(449)657-1042x59900
991,991,991,4,991,991,(324)517-0183
992,992,992,5,992,992,374.934.0305x7925
993,993,993,4,993,993,433.458.1368
994,994,994,3,994,994,7156297968
995,995,995,2,995,995,(321)416-7006x2082
996,996,996,3,996,996,307-566-4536x292
997,997,997,5,997,997,001-250-411-3449x6895
998,998,998,2,998,998,001-618-648-9945
999,999,999,3,999,999,001-497-325-4720x4744
1000,1000,1000,3,1000,1000,656.639.4904x651
